,cell_type,batch,condition,donor,n_counts
cell_00000,T_cell,batch_0,disease,donor_0,1412
cell_00001,T_cell,batch_0,disease,donor_0,1357
cell_00002,T_cell,batch_2,healthy,donor_3,1261
cell_00003,T_cell,batch_2,healthy,donor_4,1184
cell_00004,T_cell,batch_0,healthy,donor_3,1201
cell_00005,T_cell,batch_2,disease,donor_4,1345
cell_00006,T_cell,batch_1,healthy,donor_5,1287
cell_00007,T_cell,batch_0,disease,donor_1,1237
cell_00008,T_cell,batch_1,healthy,donor_2,1534
cell_00009,T_cell,batch_0,healthy,donor_3,1238
cell_00010,T_cell,batch_0,disease,donor_1,1203
cell_00011,T_cell,batch_2,healthy,donor_5,1302
cell_00012,T_cell,batch_2,healthy,donor_1,1248
cell_00013,T_cell,batch_2,healthy,donor_0,1470
cell_00014,T_cell,batch_2,disease,donor_2,1408
cell_00015,T_cell,batch_1,healthy,donor_5,1277
cell_00016,T_cell,batch_2,healthy,donor_5,1293
cell_00017,T_cell,batch_2,healthy,donor_3,1337
cell_00018,T_cell,batch_1,disease,donor_2,1252
cell_00019,T_cell,batch_0,healthy,donor_3,1366
cell_00020,T_cell,batch_1,disease,donor_4,1341
cell_00021,T_cell,batch_0,healthy,donor_2,1448
cell_00022,T_cell,batch_2,disease,donor_0,1438
cell_00023,T_cell,batch_1,healthy,donor_3,1422
cell_00024,T_cell,batch_1,healthy,donor_3,1162
cell_00025,T_cell,batch_2,healthy,donor_5,1180
cell_00026,T_cell,batch_1,disease,donor_3,1226
cell_00027,T_cell,batch_2,disease,donor_0,1303
cell_00028,T_cell,batch_1,disease,donor_1,1116
cell_00029,T_cell,batch_1,healthy,donor_0,1332
cell_00030,T_cell,batch_1,healthy,donor_5,1272
cell_00031,T_cell,batch_2,healthy,donor_5,1395
cell_00032,T_cell,batch_1,disease,donor_5,1265
cell_00033,T_cell,batch_2,healthy,donor_1,1418
cell_00034,T_cell,batch_1,disease,donor_0,1211
cell_00035,T_cell,batch_2,disease,donor_2,1410
cell_00036,T_cell,batch_0,healthy,donor_4,1259
cell_00037,T_cell,batch_0,healthy,donor_5,1282
cell_00038,T_cell,batch_2,healthy,donor_3,1251
cell_00039,T_cell,batch_0,healthy,donor_5,1322
cell_00040,T_cell,batch_1,healthy,donor_1,1250
cell_00041,T_cell,batch_0,healthy,donor_4,1142
cell_00042,T_cell,batch_0,healthy,donor_5,1325
cell_00043,T_cell,batch_2,healthy,donor_1,1184
cell_00044,T_cell,batch_1,healthy,donor_3,1334
cell_00045,T_cell,batch_2,disease,donor_4,1215
cell_00046,T_cell,batch_0,healthy,donor_3,1312
cell_00047,T_cell,batch_1,healthy,donor_4,1091
cell_00048,T_cell,batch_1,healthy,donor_0,1381
cell_00049,T_cell,batch_1,disease,donor_5,1379
cell_00050,T_cell,batch_1,healthy,donor_2,1333
cell_00051,T_cell,batch_2,healthy,donor_0,1353
cell_00052,T_cell,batch_0,disease,donor_2,1437
cell_00053,T_cell,batch_0,healthy,donor_2,1169
cell_00054,T_cell,batch_0,disease,donor_2,1335
cell_00055,T_cell,batch_2,healthy,donor_2,1374
cell_00056,T_cell,batch_2,healthy,donor_1,1157
cell_00057,T_cell,batch_0,healthy,donor_3,1257
cell_00058,T_cell,batch_0,disease,donor_3,1431
cell_00059,T_cell,batch_2,healthy,donor_4,1446
cell_00060,T_cell,batch_0,healthy,donor_2,1249
cell_00061,T_cell,batch_2,healthy,donor_3,1277
cell_00062,T_cell,batch_2,healthy,donor_0,1260
cell_00063,T_cell,batch_1,disease,donor_1,1353
cell_00064,T_cell,batch_0,disease,donor_1,1248
cell_00065,T_cell,batch_0,disease,donor_1,1438
cell_00066,T_cell,batch_2,disease,donor_5,1215
cell_00067,T_cell,batch_1,disease,donor_1,1351
cell_00068,T_cell,batch_1,disease,donor_1,1203
cell_00069,T_cell,batch_2,disease,donor_3,1375
cell_00070,T_cell,batch_1,healthy,donor_3,1333
cell_00071,T_cell,batch_0,healthy,donor_0,1367
cell_00072,T_cell,batch_0,healthy,donor_3,1184
cell_00073,T_cell,batch_1,healthy,donor_0,1396
cell_00074,T_cell,batch_2,healthy,donor_4,1191
cell_00075,T_cell,batch_2,healthy,donor_4,1166
cell_00076,T_cell,batch_1,healthy,donor_0,1304
cell_00077,T_cell,batch_0,healthy,donor_1,1262
cell_00078,T_cell,batch_2,healthy,donor_1,1364
cell_00079,T_cell,batch_0,healthy,donor_2,1280
cell_00080,T_cell,batch_1,healthy,donor_0,1416
cell_00081,T_cell,batch_1,disease,donor_5,1337
cell_00082,T_cell,batch_2,healthy,donor_0,1502
cell_00083,T_cell,batch_2,healthy,donor_4,1236
cell_00084,T_cell,batch_1,healthy,donor_1,1201
cell_00085,T_cell,batch_2,healthy,donor_0,1293
cell_00086,T_cell,batch_1,healthy,donor_4,1266
cell_00087,T_cell,batch_1,healthy,donor_1,1276
cell_00088,T_cell,batch_1,healthy,donor_0,1259
cell_00089,T_cell,batch_0,healthy,donor_2,1224
cell_00090,T_cell,batch_0,healthy,donor_0,1397
cell_00091,T_cell,batch_0,disease,donor_0,1390
cell_00092,T_cell,batch_2,healthy,donor_2,1338
cell_00093,T_cell,batch_0,disease,donor_0,1318
cell_00094,T_cell,batch_2,healthy,donor_3,1325
cell_00095,T_cell,batch_0,healthy,donor_5,1235
cell_00096,T_cell,batch_1,healthy,donor_1,1343
cell_00097,T_cell,batch_0,healthy,donor_0,1341
cell_00098,T_cell,batch_0,disease,donor_5,1327
cell_00099,T_cell,batch_2,healthy,donor_1,1352
cell_00100,T_cell,batch_2,healthy,donor_2,1432
cell_00101,T_cell,batch_2,healthy,donor_0,1352
cell_00102,T_cell,batch_0,healthy,donor_5,1495
cell_00103,T_cell,batch_0,healthy,donor_5,1300
cell_00104,T_cell,batch_1,disease,donor_5,1229
cell_00105,T_cell,batch_1,healthy,donor_0,1341
cell_00106,T_cell,batch_0,disease,donor_1,1247
cell_00107,T_cell,batch_2,disease,donor_4,1278
cell_00108,T_cell,batch_2,disease,donor_2,1314
cell_00109,T_cell,batch_2,disease,donor_3,1386
cell_00110,T_cell,batch_0,disease,donor_5,1358
cell_00111,T_cell,batch_2,healthy,donor_5,1375
cell_00112,T_cell,batch_1,healthy,donor_1,1589
cell_00113,T_cell,batch_1,disease,donor_5,1383
cell_00114,T_cell,batch_2,healthy,donor_2,1325
cell_00115,T_cell,batch_0,healthy,donor_2,1321
cell_00116,T_cell,batch_1,healthy,donor_4,1246
cell_00117,T_cell,batch_1,healthy,donor_4,1315
cell_00118,T_cell,batch_0,disease,donor_5,1176
cell_00119,T_cell,batch_2,healthy,donor_2,1197
cell_00120,T_cell,batch_0,disease,donor_3,1289
cell_00121,T_cell,batch_1,healthy,donor_2,1328
cell_00122,T_cell,batch_2,healthy,donor_4,1142
cell_00123,T_cell,batch_0,healthy,donor_4,1347
cell_00124,T_cell,batch_1,disease,donor_5,1319
cell_00125,T_cell,batch_1,healthy,donor_4,1414
cell_00126,T_cell,batch_1,healthy,donor_4,1526
cell_00127,T_cell,batch_0,healthy,donor_4,1285
cell_00128,T_cell,batch_2,healthy,donor_5,1187
cell_00129,T_cell,batch_1,disease,donor_2,1450
cell_00130,T_cell,batch_0,disease,donor_4,1398
cell_00131,T_cell,batch_1,healthy,donor_5,1265
cell_00132,T_cell,batch_1,disease,donor_5,1198
cell_00133,T_cell,batch_1,disease,donor_5,1375
cell_00134,T_cell,batch_1,healthy,donor_1,1349
cell_00135,T_cell,batch_2,healthy,donor_1,1201
cell_00136,T_cell,batch_0,disease,donor_3,1229
cell_00137,T_cell,batch_0,healthy,donor_4,1246
cell_00138,T_cell,batch_2,disease,donor_3,1201
cell_00139,T_cell,batch_1,disease,donor_5,1326
cell_00140,T_cell,batch_1,healthy,donor_4,1384
cell_00141,T_cell,batch_1,healthy,donor_1,1423
cell_00142,T_cell,batch_2,disease,donor_0,1158
cell_00143,T_cell,batch_0,healthy,donor_0,1380
cell_00144,T_cell,batch_0,healthy,donor_1,1181
cell_00145,T_cell,batch_0,disease,donor_5,1307
cell_00146,T_cell,batch_2,disease,donor_0,1114
cell_00147,T_cell,batch_1,healthy,donor_4,1461
cell_00148,T_cell,batch_2,disease,donor_4,1279
cell_00149,T_cell,batch_0,healthy,donor_0,1215
cell_00150,T_cell,batch_1,disease,donor_3,1261
cell_00151,T_cell,batch_2,healthy,donor_3,1250
cell_00152,T_cell,batch_1,disease,donor_3,1280
cell_00153,T_cell,batch_1,disease,donor_0,1371
cell_00154,T_cell,batch_0,healthy,donor_5,1252
cell_00155,T_cell,batch_0,healthy,donor_5,1391
cell_00156,T_cell,batch_0,disease,donor_3,1252
cell_00157,T_cell,batch_2,disease,donor_2,1363
cell_00158,T_cell,batch_1,healthy,donor_4,1253
cell_00159,T_cell,batch_1,disease,donor_5,1347
cell_00160,T_cell,batch_2,healthy,donor_5,1345
cell_00161,T_cell,batch_2,healthy,donor_5,1381
cell_00162,T_cell,batch_1,disease,donor_2,1301
cell_00163,T_cell,batch_0,healthy,donor_1,1083
cell_00164,T_cell,batch_2,healthy,donor_1,1231
cell_00165,T_cell,batch_1,healthy,donor_5,1405
cell_00166,T_cell,batch_2,healthy,donor_0,1336
cell_00167,T_cell,batch_0,disease,donor_2,1311
cell_00168,T_cell,batch_2,healthy,donor_5,1419
cell_00169,T_cell,batch_0,healthy,donor_3,1237
cell_00170,T_cell,batch_1,healthy,donor_3,1498
cell_00171,T_cell,batch_2,disease,donor_3,1264
cell_00172,T_cell,batch_1,healthy,donor_1,1375
cell_00173,T_cell,batch_0,disease,donor_4,1211
cell_00174,T_cell,batch_0,healthy,donor_5,1466
cell_00175,T_cell,batch_2,disease,donor_2,1250
cell_00176,T_cell,batch_1,disease,donor_2,1252
cell_00177,T_cell,batch_2,healthy,donor_2,1398
cell_00178,T_cell,batch_2,healthy,donor_3,1446
cell_00179,T_cell,batch_2,disease,donor_5,1582
cell_00180,T_cell,batch_0,healthy,donor_3,1363
cell_00181,T_cell,batch_0,healthy,donor_3,1272
cell_00182,T_cell,batch_0,disease,donor_5,1322
cell_00183,T_cell,batch_1,disease,donor_4,1311
cell_00184,T_cell,batch_0,healthy,donor_2,1192
cell_00185,T_cell,batch_1,healthy,donor_3,1294
cell_00186,T_cell,batch_1,healthy,donor_3,1536
cell_00187,T_cell,batch_0,disease,donor_1,1504
cell_00188,T_cell,batch_2,disease,donor_2,1399
cell_00189,T_cell,batch_1,healthy,donor_4,1258
cell_00190,T_cell,batch_1,disease,donor_2,1267
cell_00191,T_cell,batch_0,healthy,donor_0,1273
cell_00192,T_cell,batch_2,healthy,donor_3,1339
cell_00193,T_cell,batch_2,healthy,donor_4,1311
cell_00194,T_cell,batch_0,healthy,donor_0,1433
cell_00195,T_cell,batch_0,healthy,donor_5,1385
cell_00196,T_cell,batch_2,healthy,donor_5,1269
cell_00197,T_cell,batch_1,healthy,donor_5,1168
cell_00198,T_cell,batch_2,healthy,donor_5,1239
cell_00199,T_cell,batch_2,healthy,donor_5,1246
cell_00200,T_cell,batch_1,healthy,donor_1,1357
cell_00201,T_cell,batch_1,healthy,donor_3,1254
cell_00202,T_cell,batch_2,healthy,donor_4,1538
cell_00203,T_cell,batch_0,healthy,donor_1,1300
cell_00204,T_cell,batch_1,healthy,donor_4,1288
cell_00205,T_cell,batch_0,disease,donor_4,1258
cell_00206,T_cell,batch_1,healthy,donor_2,1179
cell_00207,T_cell,batch_0,healthy,donor_0,1314
cell_00208,T_cell,batch_0,healthy,donor_3,1389
cell_00209,T_cell,batch_1,disease,donor_5,1289
cell_00210,T_cell,batch_1,healthy,donor_0,1298
cell_00211,T_cell,batch_2,healthy,donor_4,1198
cell_00212,T_cell,batch_0,healthy,donor_1,1264
cell_00213,T_cell,batch_2,disease,donor_2,1191
cell_00214,T_cell,batch_1,disease,donor_4,1393
cell_00215,T_cell,batch_2,healthy,donor_5,1281
cell_00216,T_cell,batch_2,disease,donor_2,1165
cell_00217,T_cell,batch_2,healthy,donor_4,1462
cell_00218,T_cell,batch_2,healthy,donor_3,1280
cell_00219,T_cell,batch_0,healthy,donor_3,1144
cell_00220,T_cell,batch_2,disease,donor_1,1424
cell_00221,T_cell,batch_1,healthy,donor_1,1329
cell_00222,T_cell,batch_2,healthy,donor_0,1310
cell_00223,T_cell,batch_1,healthy,donor_3,1141
cell_00224,T_cell,batch_2,healthy,donor_4,1300
cell_00225,T_cell,batch_1,healthy,donor_2,1167
cell_00226,T_cell,batch_0,healthy,donor_0,1368
cell_00227,T_cell,batch_1,disease,donor_0,1332
cell_00228,T_cell,batch_2,disease,donor_2,1617
cell_00229,T_cell,batch_2,disease,donor_4,1223
cell_00230,T_cell,batch_1,disease,donor_3,1248
cell_00231,T_cell,batch_1,healthy,donor_5,1369
cell_00232,T_cell,batch_2,healthy,donor_3,1150
cell_00233,T_cell,batch_1,disease,donor_0,1254
cell_00234,T_cell,batch_2,disease,donor_0,1159
cell_00235,T_cell,batch_0,healthy,donor_1,1425
cell_00236,T_cell,batch_1,healthy,donor_5,1262
cell_00237,T_cell,batch_0,healthy,donor_3,1131
cell_00238,T_cell,batch_0,disease,donor_5,1200
cell_00239,T_cell,batch_0,healthy,donor_2,1433
cell_00240,T_cell,batch_2,healthy,donor_3,1396
cell_00241,T_cell,batch_2,disease,donor_1,1384
cell_00242,T_cell,batch_1,disease,donor_5,1397
cell_00243,T_cell,batch_1,healthy,donor_1,1258
cell_00244,T_cell,batch_2,disease,donor_4,1507
cell_00245,T_cell,batch_1,healthy,donor_5,1270
cell_00246,T_cell,batch_1,healthy,donor_3,1407
cell_00247,T_cell,batch_0,healthy,donor_5,1205
cell_00248,T_cell,batch_0,disease,donor_5,1346
cell_00249,T_cell,batch_0,healthy,donor_1,1330
cell_00250,T_cell,batch_1,healthy,donor_1,1407
cell_00251,T_cell,batch_2,disease,donor_4,1428
cell_00252,T_cell,batch_0,healthy,donor_4,1271
cell_00253,T_cell,batch_1,healthy,donor_5,1201
cell_00254,T_cell,batch_0,disease,donor_2,1213
cell_00255,T_cell,batch_0,healthy,donor_1,1299
cell_00256,T_cell,batch_0,healthy,donor_1,1307
cell_00257,T_cell,batch_2,disease,donor_3,1556
cell_00258,T_cell,batch_2,healthy,donor_4,1292
cell_00259,T_cell,batch_2,disease,donor_3,1373
cell_00260,T_cell,batch_0,healthy,donor_5,1257
cell_00261,T_cell,batch_1,disease,donor_4,1394
cell_00262,T_cell,batch_1,disease,donor_5,1500
cell_00263,T_cell,batch_0,healthy,donor_3,1431
cell_00264,T_cell,batch_1,healthy,donor_0,1303
cell_00265,T_cell,batch_1,disease,donor_1,1452
cell_00266,T_cell,batch_1,disease,donor_5,1384
cell_00267,T_cell,batch_2,healthy,donor_3,1206
cell_00268,T_cell,batch_1,disease,donor_5,1347
cell_00269,T_cell,batch_0,healthy,donor_3,1249
cell_00270,T_cell,batch_2,healthy,donor_4,1364
cell_00271,T_cell,batch_2,healthy,donor_5,1186
cell_00272,T_cell,batch_2,disease,donor_5,1322
cell_00273,T_cell,batch_1,healthy,donor_0,1388
cell_00274,T_cell,batch_2,disease,donor_2,1365
cell_00275,T_cell,batch_0,healthy,donor_2,1241
cell_00276,T_cell,batch_2,disease,donor_4,1453
cell_00277,T_cell,batch_0,disease,donor_0,1306
cell_00278,T_cell,batch_2,disease,donor_5,1370
cell_00279,T_cell,batch_2,healthy,donor_0,1233
cell_00280,T_cell,batch_1,healthy,donor_0,1450
cell_00281,T_cell,batch_1,healthy,donor_5,1316
cell_00282,T_cell,batch_0,healthy,donor_3,1224
cell_00283,T_cell,batch_2,disease,donor_2,1232
cell_00284,T_cell,batch_1,healthy,donor_2,1400
cell_00285,T_cell,batch_1,healthy,donor_5,1263
cell_00286,T_cell,batch_0,healthy,donor_1,1204
cell_00287,T_cell,batch_2,healthy,donor_3,1246
cell_00288,T_cell,batch_2,healthy,donor_3,1129
cell_00289,T_cell,batch_0,healthy,donor_4,1285
cell_00290,T_cell,batch_0,healthy,donor_4,1421
cell_00291,T_cell,batch_1,healthy,donor_4,1357
cell_00292,T_cell,batch_2,disease,donor_1,1380
cell_00293,T_cell,batch_1,healthy,donor_4,1176
cell_00294,T_cell,batch_1,healthy,donor_0,1166
cell_00295,T_cell,batch_0,disease,donor_3,1375
cell_00296,T_cell,batch_2,disease,donor_5,1596
cell_00297,T_cell,batch_1,disease,donor_2,1401
cell_00298,T_cell,batch_2,healthy,donor_4,1381
cell_00299,T_cell,batch_1,healthy,donor_3,1134
cell_00300,T_cell,batch_0,healthy,donor_0,1243
cell_00301,T_cell,batch_0,healthy,donor_5,1367
cell_00302,T_cell,batch_0,disease,donor_5,1388
cell_00303,T_cell,batch_0,disease,donor_2,1414
cell_00304,T_cell,batch_1,disease,donor_4,1312
cell_00305,T_cell,batch_0,disease,donor_3,1314
cell_00306,T_cell,batch_1,disease,donor_1,1248
cell_00307,T_cell,batch_2,healthy,donor_0,1352
cell_00308,T_cell,batch_0,healthy,donor_3,1453
cell_00309,T_cell,batch_0,disease,donor_3,1445
cell_00310,T_cell,batch_0,disease,donor_5,1238
cell_00311,T_cell,batch_0,disease,donor_1,1387
cell_00312,T_cell,batch_1,disease,donor_5,1301
cell_00313,T_cell,batch_1,healthy,donor_5,1242
cell_00314,T_cell,batch_1,disease,donor_2,1170
cell_00315,T_cell,batch_1,healthy,donor_0,1335
cell_00316,T_cell,batch_1,disease,donor_4,1311
cell_00317,T_cell,batch_2,healthy,donor_5,1580
cell_00318,T_cell,batch_0,disease,donor_1,1340
cell_00319,T_cell,batch_2,healthy,donor_3,1234
cell_00320,T_cell,batch_1,disease,donor_0,1302
cell_00321,T_cell,batch_1,healthy,donor_1,1197
cell_00322,T_cell,batch_2,disease,donor_2,1663
cell_00323,T_cell,batch_2,healthy,donor_4,1459
cell_00324,T_cell,batch_2,healthy,donor_0,1247
cell_00325,T_cell,batch_2,disease,donor_0,1314
cell_00326,T_cell,batch_1,disease,donor_4,1475
cell_00327,T_cell,batch_0,disease,donor_2,1372
cell_00328,T_cell,batch_0,healthy,donor_2,1267
cell_00329,T_cell,batch_2,disease,donor_2,1493
cell_00330,T_cell,batch_0,healthy,donor_4,1175
cell_00331,T_cell,batch_0,healthy,donor_5,1204
cell_00332,T_cell,batch_2,healthy,donor_0,1313
cell_00333,T_cell,batch_0,healthy,donor_1,1428
cell_00334,T_cell,batch_0,healthy,donor_5,1360
cell_00335,T_cell,batch_2,healthy,donor_3,1276
cell_00336,T_cell,batch_2,healthy,donor_5,1344
cell_00337,T_cell,batch_2,healthy,donor_2,1349
cell_00338,T_cell,batch_1,disease,donor_1,1232
cell_00339,T_cell,batch_1,disease,donor_1,1502
cell_00340,T_cell,batch_0,disease,donor_0,1130
cell_00341,T_cell,batch_2,healthy,donor_4,1266
cell_00342,T_cell,batch_0,disease,donor_1,1186
cell_00343,T_cell,batch_1,disease,donor_3,1505
cell_00344,T_cell,batch_1,disease,donor_5,1279
cell_00345,T_cell,batch_0,healthy,donor_1,1289
cell_00346,T_cell,batch_1,healthy,donor_0,1413
cell_00347,T_cell,batch_2,healthy,donor_5,1579
cell_00348,T_cell,batch_0,disease,donor_4,1406
cell_00349,T_cell,batch_0,healthy,donor_4,1351
cell_00350,T_cell,batch_0,healthy,donor_1,1198
cell_00351,T_cell,batch_0,disease,donor_3,1195
cell_00352,T_cell,batch_0,healthy,donor_3,1282
cell_00353,T_cell,batch_1,healthy,donor_1,1347
cell_00354,T_cell,batch_2,disease,donor_4,1289
cell_00355,T_cell,batch_1,healthy,donor_4,1297
cell_00356,T_cell,batch_1,healthy,donor_0,1308
cell_00357,T_cell,batch_2,healthy,donor_5,1399
cell_00358,T_cell,batch_0,healthy,donor_0,1342
cell_00359,T_cell,batch_2,disease,donor_0,1405
cell_00360,T_cell,batch_0,healthy,donor_2,1191
cell_00361,T_cell,batch_1,disease,donor_3,1348
cell_00362,T_cell,batch_0,healthy,donor_0,1372
cell_00363,T_cell,batch_0,healthy,donor_1,1384
cell_00364,T_cell,batch_1,disease,donor_4,1287
cell_00365,T_cell,batch_2,healthy,donor_1,1324
cell_00366,T_cell,batch_2,healthy,donor_3,1190
cell_00367,T_cell,batch_1,healthy,donor_3,1203
cell_00368,T_cell,batch_0,healthy,donor_0,1240
cell_00369,T_cell,batch_0,disease,donor_4,1335
cell_00370,T_cell,batch_1,healthy,donor_1,1099
cell_00371,T_cell,batch_2,healthy,donor_0,1355
cell_00372,T_cell,batch_2,disease,donor_4,1290
cell_00373,T_cell,batch_2,healthy,donor_2,1288
cell_00374,T_cell,batch_1,healthy,donor_3,1334
cell_00375,T_cell,batch_0,healthy,donor_2,1294
cell_00376,T_cell,batch_0,healthy,donor_1,1340
cell_00377,T_cell,batch_0,disease,donor_0,1393
cell_00378,T_cell,batch_0,disease,donor_3,1400
cell_00379,T_cell,batch_0,healthy,donor_4,1514
cell_00380,T_cell,batch_0,healthy,donor_5,1211
cell_00381,T_cell,batch_0,disease,donor_0,1281
cell_00382,T_cell,batch_2,disease,donor_5,1209
cell_00383,T_cell,batch_2,healthy,donor_5,1186
cell_00384,T_cell,batch_1,healthy,donor_5,1291
cell_00385,T_cell,batch_0,healthy,donor_1,1235
cell_00386,T_cell,batch_1,disease,donor_5,1460
cell_00387,T_cell,batch_2,healthy,donor_5,1305
cell_00388,T_cell,batch_2,healthy,donor_3,1183
cell_00389,T_cell,batch_1,healthy,donor_3,1312
cell_00390,T_cell,batch_1,disease,donor_0,1244
cell_00391,T_cell,batch_0,healthy,donor_4,1409
cell_00392,T_cell,batch_2,disease,donor_3,1224
cell_00393,T_cell,batch_2,healthy,donor_2,1222
cell_00394,T_cell,batch_2,healthy,donor_5,1356
cell_00395,T_cell,batch_2,healthy,donor_0,1353
cell_00396,T_cell,batch_0,disease,donor_4,1264
cell_00397,T_cell,batch_2,disease,donor_5,1421
cell_00398,T_cell,batch_0,disease,donor_1,1293
cell_00399,T_cell,batch_0,healthy,donor_1,1395
cell_00400,T_cell,batch_2,disease,donor_4,1216
cell_00401,T_cell,batch_1,disease,donor_4,1474
cell_00402,T_cell,batch_0,disease,donor_5,1528
cell_00403,T_cell,batch_0,disease,donor_0,1066
cell_00404,T_cell,batch_1,healthy,donor_1,1205
cell_00405,T_cell,batch_2,disease,donor_3,1426
cell_00406,T_cell,batch_2,disease,donor_1,1337
cell_00407,T_cell,batch_1,disease,donor_4,1291
cell_00408,T_cell,batch_2,healthy,donor_1,1311
cell_00409,T_cell,batch_1,healthy,donor_4,1438
cell_00410,T_cell,batch_1,disease,donor_0,1443
cell_00411,T_cell,batch_0,healthy,donor_4,1176
cell_00412,T_cell,batch_0,disease,donor_2,1469
cell_00413,T_cell,batch_2,healthy,donor_1,1291
cell_00414,T_cell,batch_2,healthy,donor_1,1216
cell_00415,T_cell,batch_1,healthy,donor_4,1219
cell_00416,T_cell,batch_0,disease,donor_5,1304
cell_00417,T_cell,batch_0,disease,donor_5,1287
cell_00418,T_cell,batch_1,healthy,donor_4,1349
cell_00419,T_cell,batch_1,disease,donor_2,1342
cell_00420,T_cell,batch_0,healthy,donor_0,1242
cell_00421,T_cell,batch_2,disease,donor_5,1212
cell_00422,T_cell,batch_2,healthy,donor_1,1275
cell_00423,T_cell,batch_0,healthy,donor_0,1187
cell_00424,T_cell,batch_2,healthy,donor_1,1416
cell_00425,T_cell,batch_2,disease,donor_0,1149
cell_00426,T_cell,batch_1,disease,donor_2,1338
cell_00427,T_cell,batch_2,disease,donor_0,1243
cell_00428,T_cell,batch_0,disease,donor_1,1378
cell_00429,T_cell,batch_2,disease,donor_0,1390
cell_00430,T_cell,batch_0,healthy,donor_0,1411
cell_00431,T_cell,batch_2,disease,donor_5,1314
cell_00432,T_cell,batch_1,disease,donor_3,1523
cell_00433,T_cell,batch_2,healthy,donor_5,1184
cell_00434,T_cell,batch_0,disease,donor_0,1388
cell_00435,T_cell,batch_2,healthy,donor_5,1386
cell_00436,T_cell,batch_1,disease,donor_3,1316
cell_00437,T_cell,batch_2,healthy,donor_4,1338
cell_00438,T_cell,batch_0,healthy,donor_2,1340
cell_00439,T_cell,batch_2,disease,donor_3,1202
cell_00440,T_cell,batch_0,healthy,donor_2,1281
cell_00441,T_cell,batch_2,disease,donor_2,1352
cell_00442,T_cell,batch_2,healthy,donor_4,1175
cell_00443,T_cell,batch_0,disease,donor_4,1242
cell_00444,T_cell,batch_2,healthy,donor_5,1239
cell_00445,T_cell,batch_0,healthy,donor_0,1469
cell_00446,T_cell,batch_2,disease,donor_0,1272
cell_00447,T_cell,batch_2,healthy,donor_5,1180
cell_00448,T_cell,batch_0,disease,donor_0,1360
cell_00449,T_cell,batch_2,healthy,donor_2,1393
cell_00450,T_cell,batch_2,disease,donor_0,1293
cell_00451,T_cell,batch_1,healthy,donor_4,1359
cell_00452,T_cell,batch_1,healthy,donor_5,1191
cell_00453,T_cell,batch_0,healthy,donor_5,1410
cell_00454,T_cell,batch_1,healthy,donor_0,1401
cell_00455,T_cell,batch_2,disease,donor_5,1293
cell_00456,T_cell,batch_2,disease,donor_1,1351
cell_00457,T_cell,batch_1,disease,donor_4,1280
cell_00458,T_cell,batch_1,healthy,donor_5,1273
cell_00459,T_cell,batch_2,disease,donor_5,1255
cell_00460,T_cell,batch_0,healthy,donor_3,1377
cell_00461,T_cell,batch_0,healthy,donor_4,1371
cell_00462,T_cell,batch_1,disease,donor_5,1308
cell_00463,T_cell,batch_2,disease,donor_0,1294
cell_00464,T_cell,batch_2,disease,donor_1,1455
cell_00465,T_cell,batch_0,healthy,donor_2,1360
cell_00466,T_cell,batch_2,healthy,donor_2,1340
cell_00467,T_cell,batch_0,disease,donor_5,1273
cell_00468,T_cell,batch_1,healthy,donor_2,1407
cell_00469,T_cell,batch_2,disease,donor_1,1249
cell_00470,T_cell,batch_0,healthy,donor_2,1312
cell_00471,T_cell,batch_1,healthy,donor_3,1240
cell_00472,T_cell,batch_0,healthy,donor_1,1422
cell_00473,T_cell,batch_2,healthy,donor_4,1315
cell_00474,T_cell,batch_2,healthy,donor_4,1279
cell_00475,T_cell,batch_1,healthy,donor_2,1242
cell_00476,T_cell,batch_2,disease,donor_4,1465
cell_00477,T_cell,batch_2,disease,donor_0,1332
cell_00478,T_cell,batch_2,healthy,donor_1,1155
cell_00479,T_cell,batch_1,healthy,donor_5,1491
cell_00480,T_cell,batch_2,healthy,donor_3,1303
cell_00481,T_cell,batch_1,healthy,donor_2,1332
cell_00482,T_cell,batch_1,disease,donor_5,1133
cell_00483,T_cell,batch_2,healthy,donor_5,1189
cell_00484,T_cell,batch_0,healthy,donor_4,1286
cell_00485,T_cell,batch_0,disease,donor_2,1367
cell_00486,T_cell,batch_1,healthy,donor_3,1375
cell_00487,T_cell,batch_1,disease,donor_5,1424
cell_00488,T_cell,batch_1,healthy,donor_5,1365
cell_00489,T_cell,batch_1,disease,donor_5,1235
cell_00490,T_cell,batch_2,disease,donor_5,1275
cell_00491,T_cell,batch_1,healthy,donor_5,1307
cell_00492,T_cell,batch_1,healthy,donor_4,1455
cell_00493,T_cell,batch_1,disease,donor_0,1377
cell_00494,T_cell,batch_0,healthy,donor_2,1251
cell_00495,T_cell,batch_1,disease,donor_3,1356
cell_00496,T_cell,batch_0,disease,donor_0,1343
cell_00497,T_cell,batch_0,healthy,donor_2,1407
cell_00498,T_cell,batch_2,healthy,donor_0,1296
cell_00499,T_cell,batch_2,healthy,donor_4,1334
cell_00500,T_cell,batch_1,healthy,donor_1,1298
cell_00501,T_cell,batch_1,healthy,donor_3,1419
cell_00502,T_cell,batch_2,healthy,donor_0,1328
cell_00503,T_cell,batch_1,healthy,donor_3,1339
cell_00504,T_cell,batch_0,disease,donor_0,1253
cell_00505,T_cell,batch_0,healthy,donor_2,1471
cell_00506,T_cell,batch_2,healthy,donor_4,1410
cell_00507,T_cell,batch_1,disease,donor_4,1272
cell_00508,T_cell,batch_2,disease,donor_0,1324
cell_00509,T_cell,batch_0,disease,donor_1,1450
cell_00510,T_cell,batch_2,healthy,donor_3,1224
cell_00511,T_cell,batch_0,healthy,donor_1,1377
cell_00512,T_cell,batch_0,healthy,donor_4,1207
cell_00513,T_cell,batch_1,healthy,donor_0,1342
cell_00514,T_cell,batch_2,healthy,donor_1,1308
cell_00515,T_cell,batch_2,disease,donor_1,1198
cell_00516,T_cell,batch_1,disease,donor_1,1408
cell_00517,T_cell,batch_0,healthy,donor_5,1263
cell_00518,T_cell,batch_1,healthy,donor_2,1208
cell_00519,T_cell,batch_0,healthy,donor_2,1337
cell_00520,T_cell,batch_1,disease,donor_4,1361
cell_00521,T_cell,batch_1,disease,donor_4,1231
cell_00522,T_cell,batch_0,healthy,donor_5,1273
cell_00523,T_cell,batch_1,healthy,donor_3,1349
cell_00524,T_cell,batch_2,healthy,donor_1,1490
cell_00525,T_cell,batch_2,healthy,donor_5,1389
cell_00526,T_cell,batch_1,disease,donor_4,1323
cell_00527,T_cell,batch_0,healthy,donor_5,1114
cell_00528,T_cell,batch_1,disease,donor_1,1275
cell_00529,T_cell,batch_0,healthy,donor_1,1173
cell_00530,T_cell,batch_1,healthy,donor_2,1363
cell_00531,T_cell,batch_2,healthy,donor_3,1108
cell_00532,T_cell,batch_0,disease,donor_3,1361
cell_00533,T_cell,batch_2,healthy,donor_5,1413
cell_00534,T_cell,batch_2,disease,donor_3,1373
cell_00535,T_cell,batch_1,disease,donor_1,1305
cell_00536,T_cell,batch_2,healthy,donor_5,1335
cell_00537,T_cell,batch_2,healthy,donor_1,1307
cell_00538,T_cell,batch_1,healthy,donor_2,1332
cell_00539,T_cell,batch_0,healthy,donor_5,1447
cell_00540,T_cell,batch_0,healthy,donor_2,1228
cell_00541,T_cell,batch_1,disease,donor_4,1319
cell_00542,T_cell,batch_1,healthy,donor_0,1426
cell_00543,T_cell,batch_1,healthy,donor_0,1392
cell_00544,T_cell,batch_0,healthy,donor_0,1175
cell_00545,T_cell,batch_2,healthy,donor_4,1258
cell_00546,T_cell,batch_2,healthy,donor_4,1226
cell_00547,T_cell,batch_0,healthy,donor_0,1347
cell_00548,T_cell,batch_2,disease,donor_0,1396
cell_00549,T_cell,batch_2,disease,donor_4,1171
cell_00550,T_cell,batch_1,healthy,donor_5,1273
cell_00551,T_cell,batch_0,healthy,donor_5,1346
cell_00552,T_cell,batch_0,healthy,donor_5,1266
cell_00553,T_cell,batch_2,healthy,donor_3,1328
cell_00554,T_cell,batch_0,healthy,donor_5,1196
cell_00555,T_cell,batch_2,disease,donor_4,1374
cell_00556,T_cell,batch_0,healthy,donor_5,1212
cell_00557,T_cell,batch_1,healthy,donor_1,1336
cell_00558,T_cell,batch_1,disease,donor_2,1393
cell_00559,T_cell,batch_1,disease,donor_3,1259
cell_00560,T_cell,batch_1,disease,donor_5,1490
cell_00561,T_cell,batch_2,healthy,donor_3,1408
cell_00562,T_cell,batch_2,healthy,donor_2,1281
cell_00563,T_cell,batch_1,healthy,donor_3,1304
cell_00564,T_cell,batch_0,disease,donor_5,1382
cell_00565,T_cell,batch_1,healthy,donor_1,1285
cell_00566,T_cell,batch_1,healthy,donor_5,1127
cell_00567,T_cell,batch_1,healthy,donor_0,1333
cell_00568,T_cell,batch_0,healthy,donor_1,1346
cell_00569,T_cell,batch_1,disease,donor_3,1410
cell_00570,T_cell,batch_1,disease,donor_4,1300
cell_00571,T_cell,batch_1,healthy,donor_4,1317
cell_00572,T_cell,batch_1,healthy,donor_5,1185
cell_00573,T_cell,batch_2,healthy,donor_0,1429
cell_00574,T_cell,batch_0,healthy,donor_3,1289
cell_00575,T_cell,batch_0,disease,donor_1,1186
cell_00576,T_cell,batch_2,healthy,donor_3,1228
cell_00577,T_cell,batch_1,healthy,donor_4,1431
cell_00578,T_cell,batch_1,disease,donor_2,1237
cell_00579,T_cell,batch_0,disease,donor_1,1422
cell_00580,T_cell,batch_0,healthy,donor_1,1446
cell_00581,T_cell,batch_0,disease,donor_3,1295
cell_00582,T_cell,batch_2,disease,donor_2,1352
cell_00583,T_cell,batch_0,healthy,donor_4,1435
cell_00584,T_cell,batch_0,healthy,donor_5,1297
cell_00585,T_cell,batch_0,healthy,donor_1,1478
cell_00586,T_cell,batch_0,healthy,donor_0,1441
cell_00587,T_cell,batch_0,disease,donor_0,1186
cell_00588,T_cell,batch_2,healthy,donor_5,1291
cell_00589,T_cell,batch_2,disease,donor_4,1399
cell_00590,T_cell,batch_1,disease,donor_1,1418
cell_00591,T_cell,batch_1,healthy,donor_1,1375
cell_00592,T_cell,batch_1,healthy,donor_2,1344
cell_00593,T_cell,batch_0,healthy,donor_3,1361
cell_00594,T_cell,batch_1,healthy,donor_1,1357
cell_00595,T_cell,batch_0,disease,donor_0,1294
cell_00596,T_cell,batch_2,healthy,donor_5,1247
cell_00597,T_cell,batch_0,disease,donor_3,1295
cell_00598,T_cell,batch_2,healthy,donor_3,1127
cell_00599,T_cell,batch_0,healthy,donor_3,1282
cell_00600,T_cell,batch_1,disease,donor_0,1327
cell_00601,T_cell,batch_1,disease,donor_5,1323
cell_00602,T_cell,batch_2,healthy,donor_4,1341
cell_00603,T_cell,batch_1,disease,donor_2,1253
cell_00604,T_cell,batch_1,disease,donor_0,1240
cell_00605,T_cell,batch_2,healthy,donor_0,1309
cell_00606,T_cell,batch_0,disease,donor_3,1221
cell_00607,T_cell,batch_0,healthy,donor_4,1268
cell_00608,T_cell,batch_2,healthy,donor_4,1193
cell_00609,T_cell,batch_2,healthy,donor_5,1328
cell_00610,T_cell,batch_1,disease,donor_5,1400
cell_00611,T_cell,batch_0,healthy,donor_1,1386
cell_00612,T_cell,batch_0,healthy,donor_5,1332
cell_00613,T_cell,batch_2,healthy,donor_4,1302
cell_00614,T_cell,batch_2,healthy,donor_5,1357
cell_00615,T_cell,batch_0,healthy,donor_1,1366
cell_00616,T_cell,batch_0,healthy,donor_3,1384
cell_00617,T_cell,batch_1,healthy,donor_3,1200
cell_00618,T_cell,batch_0,healthy,donor_0,1358
cell_00619,T_cell,batch_1,healthy,donor_3,1406
cell_00620,T_cell,batch_0,healthy,donor_0,1392
cell_00621,T_cell,batch_1,disease,donor_2,1145
cell_00622,T_cell,batch_1,disease,donor_1,1209
cell_00623,T_cell,batch_1,healthy,donor_3,1310
cell_00624,T_cell,batch_2,disease,donor_4,1473
cell_00625,T_cell,batch_1,disease,donor_5,1322
cell_00626,T_cell,batch_1,healthy,donor_5,1216
cell_00627,T_cell,batch_1,healthy,donor_0,1378
cell_00628,T_cell,batch_0,disease,donor_2,1272
cell_00629,T_cell,batch_2,healthy,donor_3,1383
cell_00630,T_cell,batch_1,healthy,donor_5,1295
cell_00631,T_cell,batch_0,healthy,donor_5,1193
cell_00632,T_cell,batch_2,healthy,donor_5,1167
cell_00633,T_cell,batch_2,disease,donor_2,1295
cell_00634,T_cell,batch_1,disease,donor_4,1258
cell_00635,T_cell,batch_1,healthy,donor_1,1125
cell_00636,T_cell,batch_0,healthy,donor_1,1175
cell_00637,T_cell,batch_2,disease,donor_0,1353
cell_00638,T_cell,batch_2,healthy,donor_5,1288
cell_00639,T_cell,batch_2,disease,donor_4,1426
cell_00640,T_cell,batch_2,healthy,donor_5,1320
cell_00641,T_cell,batch_2,healthy,donor_4,1323
cell_00642,T_cell,batch_1,healthy,donor_0,1245
cell_00643,T_cell,batch_0,disease,donor_1,1302
cell_00644,T_cell,batch_2,disease,donor_0,1452
cell_00645,T_cell,batch_2,disease,donor_2,1177
cell_00646,T_cell,batch_0,healthy,donor_0,1366
cell_00647,T_cell,batch_1,healthy,donor_5,1328
cell_00648,T_cell,batch_1,disease,donor_4,1279
cell_00649,T_cell,batch_2,disease,donor_5,1386
cell_00650,T_cell,batch_2,healthy,donor_4,1487
cell_00651,T_cell,batch_0,healthy,donor_2,1313
cell_00652,T_cell,batch_2,healthy,donor_1,1309
cell_00653,T_cell,batch_1,healthy,donor_5,1309
cell_00654,T_cell,batch_1,healthy,donor_4,1434
cell_00655,T_cell,batch_2,disease,donor_5,1351
cell_00656,T_cell,batch_2,healthy,donor_1,1362
cell_00657,T_cell,batch_1,disease,donor_2,1395
cell_00658,T_cell,batch_1,healthy,donor_2,1336
cell_00659,T_cell,batch_2,healthy,donor_2,1303
cell_00660,T_cell,batch_1,healthy,donor_0,1314
cell_00661,T_cell,batch_0,healthy,donor_4,1395
cell_00662,T_cell,batch_1,healthy,donor_2,1451
cell_00663,T_cell,batch_0,disease,donor_0,1248
cell_00664,T_cell,batch_0,healthy,donor_2,1242
cell_00665,T_cell,batch_2,disease,donor_5,1363
cell_00666,T_cell,batch_2,healthy,donor_2,1396
cell_00667,T_cell,batch_1,healthy,donor_3,1523
cell_00668,T_cell,batch_1,disease,donor_1,1529
cell_00669,T_cell,batch_2,disease,donor_5,1109
cell_00670,T_cell,batch_0,healthy,donor_3,1250
cell_00671,T_cell,batch_1,healthy,donor_5,1391
cell_00672,T_cell,batch_1,disease,donor_4,1229
cell_00673,T_cell,batch_1,healthy,donor_2,1344
cell_00674,T_cell,batch_0,healthy,donor_4,1340
cell_00675,T_cell,batch_1,healthy,donor_3,1215
cell_00676,T_cell,batch_2,disease,donor_2,1091
cell_00677,T_cell,batch_0,healthy,donor_4,1416
cell_00678,T_cell,batch_1,disease,donor_2,1332
cell_00679,T_cell,batch_0,healthy,donor_5,1233
cell_00680,T_cell,batch_1,healthy,donor_0,1361
cell_00681,T_cell,batch_0,healthy,donor_4,1329
cell_00682,T_cell,batch_2,healthy,donor_4,1416
cell_00683,T_cell,batch_0,disease,donor_3,1482
cell_00684,T_cell,batch_1,disease,donor_2,1302
cell_00685,T_cell,batch_2,healthy,donor_2,1348
cell_00686,T_cell,batch_2,healthy,donor_5,1236
cell_00687,T_cell,batch_0,healthy,donor_5,1495
cell_00688,T_cell,batch_0,healthy,donor_1,1391
cell_00689,T_cell,batch_1,disease,donor_3,1380
cell_00690,T_cell,batch_1,disease,donor_2,1181
cell_00691,T_cell,batch_0,healthy,donor_3,1425
cell_00692,T_cell,batch_1,healthy,donor_1,1330
cell_00693,T_cell,batch_1,disease,donor_5,1342
cell_00694,T_cell,batch_2,disease,donor_3,1341
cell_00695,T_cell,batch_1,healthy,donor_2,1305
cell_00696,T_cell,batch_2,healthy,donor_3,1265
cell_00697,T_cell,batch_2,healthy,donor_4,1392
cell_00698,T_cell,batch_0,healthy,donor_4,1096
cell_00699,T_cell,batch_2,healthy,donor_2,1354
cell_00700,T_cell,batch_1,disease,donor_0,1387
cell_00701,T_cell,batch_2,healthy,donor_4,1410
cell_00702,T_cell,batch_2,disease,donor_3,1382
cell_00703,T_cell,batch_2,healthy,donor_2,1235
cell_00704,T_cell,batch_1,disease,donor_2,1273
cell_00705,T_cell,batch_1,healthy,donor_1,1342
cell_00706,T_cell,batch_1,healthy,donor_0,1243
cell_00707,T_cell,batch_1,healthy,donor_3,1321
cell_00708,T_cell,batch_2,healthy,donor_5,1322
cell_00709,T_cell,batch_0,disease,donor_3,1337
cell_00710,T_cell,batch_2,disease,donor_2,1417
cell_00711,T_cell,batch_0,disease,donor_5,1362
cell_00712,T_cell,batch_2,healthy,donor_1,1194
cell_00713,T_cell,batch_2,healthy,donor_2,1185
cell_00714,T_cell,batch_0,healthy,donor_1,1359
cell_00715,T_cell,batch_1,disease,donor_5,1185
cell_00716,T_cell,batch_0,healthy,donor_4,1367
cell_00717,T_cell,batch_1,disease,donor_5,1254
cell_00718,T_cell,batch_2,disease,donor_0,1403
cell_00719,T_cell,batch_2,disease,donor_5,1394
cell_00720,T_cell,batch_1,disease,donor_4,1359
cell_00721,T_cell,batch_1,healthy,donor_3,1284
cell_00722,T_cell,batch_2,disease,donor_2,1291
cell_00723,T_cell,batch_2,disease,donor_1,1377
cell_00724,T_cell,batch_2,healthy,donor_2,1381
cell_00725,T_cell,batch_0,healthy,donor_0,1385
cell_00726,T_cell,batch_2,healthy,donor_2,1249
cell_00727,T_cell,batch_1,healthy,donor_0,1268
cell_00728,T_cell,batch_1,healthy,donor_5,1303
cell_00729,T_cell,batch_2,healthy,donor_3,1262
cell_00730,T_cell,batch_1,disease,donor_3,1277
cell_00731,T_cell,batch_1,disease,donor_5,1191
cell_00732,T_cell,batch_1,disease,donor_5,1305
cell_00733,T_cell,batch_2,disease,donor_0,1234
cell_00734,T_cell,batch_0,disease,donor_1,1329
cell_00735,T_cell,batch_1,healthy,donor_3,1265
cell_00736,T_cell,batch_2,healthy,donor_3,1200
cell_00737,T_cell,batch_1,disease,donor_1,1471
cell_00738,T_cell,batch_1,healthy,donor_3,1330
cell_00739,T_cell,batch_2,disease,donor_1,1153
cell_00740,T_cell,batch_1,healthy,donor_2,1256
cell_00741,T_cell,batch_2,disease,donor_1,1292
cell_00742,T_cell,batch_2,healthy,donor_3,1171
cell_00743,T_cell,batch_1,healthy,donor_3,1202
cell_00744,T_cell,batch_1,healthy,donor_1,1191
cell_00745,T_cell,batch_2,disease,donor_1,1295
cell_00746,T_cell,batch_2,disease,donor_2,1375
cell_00747,T_cell,batch_2,disease,donor_5,1411
cell_00748,T_cell,batch_0,healthy,donor_5,1213
cell_00749,T_cell,batch_2,healthy,donor_3,1320
cell_00750,T_cell,batch_2,healthy,donor_5,1377
cell_00751,T_cell,batch_0,healthy,donor_5,1293
cell_00752,T_cell,batch_2,disease,donor_4,1275
cell_00753,T_cell,batch_0,disease,donor_3,1264
cell_00754,T_cell,batch_2,disease,donor_1,1160
cell_00755,T_cell,batch_1,disease,donor_0,1305
cell_00756,T_cell,batch_1,healthy,donor_1,1436
cell_00757,T_cell,batch_2,disease,donor_4,1425
cell_00758,T_cell,batch_0,healthy,donor_1,1349
cell_00759,T_cell,batch_1,healthy,donor_4,1221
cell_00760,T_cell,batch_0,healthy,donor_4,1195
cell_00761,T_cell,batch_2,healthy,donor_0,1385
cell_00762,T_cell,batch_2,healthy,donor_0,1330
cell_00763,T_cell,batch_1,disease,donor_5,1369
cell_00764,T_cell,batch_0,healthy,donor_5,1299
cell_00765,T_cell,batch_0,healthy,donor_5,1146
cell_00766,T_cell,batch_0,healthy,donor_2,1273
cell_00767,T_cell,batch_0,healthy,donor_4,1277
cell_00768,T_cell,batch_0,disease,donor_3,1199
cell_00769,T_cell,batch_0,disease,donor_1,1294
cell_00770,T_cell,batch_2,healthy,donor_0,1320
cell_00771,T_cell,batch_1,healthy,donor_5,1385
cell_00772,T_cell,batch_0,healthy,donor_2,1418
cell_00773,T_cell,batch_2,healthy,donor_3,1366
cell_00774,T_cell,batch_0,disease,donor_0,1398
cell_00775,T_cell,batch_2,disease,donor_4,1265
cell_00776,T_cell,batch_1,healthy,donor_4,1286
cell_00777,T_cell,batch_1,healthy,donor_0,1288
cell_00778,T_cell,batch_2,disease,donor_5,1113
cell_00779,T_cell,batch_2,healthy,donor_2,1227
cell_00780,T_cell,batch_0,healthy,donor_3,1293
cell_00781,T_cell,batch_0,healthy,donor_0,1236
cell_00782,T_cell,batch_2,healthy,donor_5,1220
cell_00783,T_cell,batch_2,healthy,donor_1,1094
cell_00784,T_cell,batch_0,disease,donor_5,1353
cell_00785,T_cell,batch_1,disease,donor_0,1347
cell_00786,T_cell,batch_0,disease,donor_5,1380
cell_00787,T_cell,batch_0,disease,donor_2,1339
cell_00788,T_cell,batch_1,healthy,donor_1,1553
cell_00789,T_cell,batch_2,disease,donor_1,1480
cell_00790,T_cell,batch_2,healthy,donor_4,1260
cell_00791,T_cell,batch_1,healthy,donor_1,1333
cell_00792,T_cell,batch_1,disease,donor_3,1170
cell_00793,T_cell,batch_2,healthy,donor_1,1369
cell_00794,T_cell,batch_1,healthy,donor_1,1333
cell_00795,T_cell,batch_0,disease,donor_2,1417
cell_00796,T_cell,batch_0,healthy,donor_5,1432
cell_00797,T_cell,batch_0,disease,donor_0,1289
cell_00798,T_cell,batch_2,disease,donor_3,1313
cell_00799,T_cell,batch_0,disease,donor_5,1084
cell_00800,T_cell,batch_0,healthy,donor_1,1392
cell_00801,T_cell,batch_1,disease,donor_3,1318
cell_00802,T_cell,batch_0,healthy,donor_1,1266
cell_00803,T_cell,batch_2,healthy,donor_4,1277
cell_00804,T_cell,batch_0,disease,donor_2,1393
cell_00805,T_cell,batch_0,healthy,donor_0,1314
cell_00806,T_cell,batch_1,healthy,donor_4,1307
cell_00807,T_cell,batch_0,disease,donor_3,1323
cell_00808,T_cell,batch_2,healthy,donor_4,1374
cell_00809,T_cell,batch_0,healthy,donor_3,1246
cell_00810,T_cell,batch_2,healthy,donor_1,1326
cell_00811,T_cell,batch_2,healthy,donor_0,1343
cell_00812,T_cell,batch_1,healthy,donor_5,1276
cell_00813,T_cell,batch_0,disease,donor_1,1194
cell_00814,T_cell,batch_0,disease,donor_4,1157
cell_00815,T_cell,batch_1,healthy,donor_4,1369
cell_00816,T_cell,batch_2,disease,donor_1,1462
cell_00817,T_cell,batch_0,healthy,donor_5,1281
cell_00818,T_cell,batch_1,disease,donor_2,1332
cell_00819,T_cell,batch_1,healthy,donor_5,1255
cell_00820,T_cell,batch_2,healthy,donor_4,1267
cell_00821,T_cell,batch_2,healthy,donor_1,1340
cell_00822,T_cell,batch_2,disease,donor_4,1316
cell_00823,T_cell,batch_2,disease,donor_1,1368
cell_00824,T_cell,batch_1,healthy,donor_3,1342
cell_00825,T_cell,batch_1,healthy,donor_3,1194
cell_00826,T_cell,batch_1,healthy,donor_2,1167
cell_00827,T_cell,batch_1,healthy,donor_0,1269
cell_00828,T_cell,batch_0,healthy,donor_3,1385
cell_00829,T_cell,batch_0,healthy,donor_2,1420
cell_00830,T_cell,batch_0,disease,donor_1,1267
cell_00831,T_cell,batch_2,healthy,donor_4,1121
cell_00832,T_cell,batch_0,healthy,donor_5,1332
cell_00833,T_cell,batch_0,healthy,donor_2,1273
cell_00834,T_cell,batch_2,healthy,donor_0,1279
cell_00835,T_cell,batch_2,disease,donor_1,1197
cell_00836,T_cell,batch_2,healthy,donor_0,1318
cell_00837,T_cell,batch_0,disease,donor_1,1480
cell_00838,T_cell,batch_2,healthy,donor_0,1314
cell_00839,T_cell,batch_1,healthy,donor_1,1365
cell_00840,T_cell,batch_1,disease,donor_5,1254
cell_00841,T_cell,batch_0,disease,donor_2,1265
cell_00842,T_cell,batch_0,healthy,donor_1,1550
cell_00843,T_cell,batch_0,healthy,donor_1,1061
cell_00844,T_cell,batch_0,healthy,donor_5,1233
cell_00845,T_cell,batch_0,healthy,donor_4,1330
cell_00846,T_cell,batch_1,disease,donor_4,1367
cell_00847,T_cell,batch_0,disease,donor_5,1159
cell_00848,T_cell,batch_1,healthy,donor_0,1404
cell_00849,T_cell,batch_0,healthy,donor_0,1369
cell_00850,T_cell,batch_0,disease,donor_3,1243
cell_00851,T_cell,batch_2,healthy,donor_0,1391
cell_00852,T_cell,batch_2,healthy,donor_5,1462
cell_00853,T_cell,batch_0,disease,donor_3,1334
cell_00854,T_cell,batch_2,healthy,donor_5,1225
cell_00855,T_cell,batch_1,healthy,donor_4,1204
cell_00856,T_cell,batch_2,disease,donor_1,1237
cell_00857,T_cell,batch_2,disease,donor_0,1256
cell_00858,T_cell,batch_0,healthy,donor_0,1490
cell_00859,T_cell,batch_1,healthy,donor_0,1251
cell_00860,T_cell,batch_2,healthy,donor_4,1343
cell_00861,T_cell,batch_2,disease,donor_4,1255
cell_00862,T_cell,batch_0,healthy,donor_4,1327
cell_00863,T_cell,batch_2,disease,donor_3,1222
cell_00864,T_cell,batch_1,disease,donor_4,1299
cell_00865,T_cell,batch_1,healthy,donor_2,1262
cell_00866,T_cell,batch_2,healthy,donor_3,1136
cell_00867,T_cell,batch_2,healthy,donor_4,1264
cell_00868,T_cell,batch_1,disease,donor_5,1461
cell_00869,T_cell,batch_2,disease,donor_4,1427
cell_00870,T_cell,batch_0,disease,donor_0,1319
cell_00871,T_cell,batch_2,disease,donor_1,1249
cell_00872,T_cell,batch_2,healthy,donor_2,1293
cell_00873,T_cell,batch_2,healthy,donor_5,1142
cell_00874,T_cell,batch_0,disease,donor_3,1587
cell_00875,T_cell,batch_1,disease,donor_0,1178
cell_00876,T_cell,batch_1,healthy,donor_5,1126
cell_00877,T_cell,batch_1,healthy,donor_4,1286
cell_00878,T_cell,batch_2,disease,donor_4,1381
cell_00879,T_cell,batch_0,healthy,donor_0,1300
cell_00880,T_cell,batch_0,disease,donor_4,1280
cell_00881,T_cell,batch_0,disease,donor_1,1328
cell_00882,T_cell,batch_0,healthy,donor_0,1495
cell_00883,T_cell,batch_0,healthy,donor_1,1251
cell_00884,T_cell,batch_0,healthy,donor_2,1402
cell_00885,T_cell,batch_0,healthy,donor_2,1260
cell_00886,T_cell,batch_2,disease,donor_3,1419
cell_00887,T_cell,batch_2,healthy,donor_2,1371
cell_00888,T_cell,batch_2,disease,donor_4,1209
cell_00889,T_cell,batch_1,healthy,donor_4,1252
cell_00890,T_cell,batch_2,disease,donor_4,1315
cell_00891,T_cell,batch_0,disease,donor_0,1459
cell_00892,T_cell,batch_0,healthy,donor_3,1374
cell_00893,T_cell,batch_1,disease,donor_1,1320
cell_00894,T_cell,batch_0,disease,donor_4,1399
cell_00895,T_cell,batch_1,healthy,donor_5,1423
cell_00896,T_cell,batch_2,healthy,donor_1,1262
cell_00897,T_cell,batch_0,disease,donor_4,1497
cell_00898,T_cell,batch_2,healthy,donor_0,1379
cell_00899,T_cell,batch_1,healthy,donor_2,1195
cell_00900,T_cell,batch_1,healthy,donor_5,1371
cell_00901,T_cell,batch_0,disease,donor_0,1389
cell_00902,T_cell,batch_0,healthy,donor_3,1453
cell_00903,T_cell,batch_0,disease,donor_5,1248
cell_00904,T_cell,batch_2,disease,donor_4,1331
cell_00905,T_cell,batch_2,healthy,donor_5,1343
cell_00906,T_cell,batch_2,healthy,donor_0,1298
cell_00907,T_cell,batch_1,healthy,donor_1,1299
cell_00908,T_cell,batch_0,healthy,donor_4,1476
cell_00909,T_cell,batch_1,healthy,donor_1,1331
cell_00910,T_cell,batch_0,healthy,donor_5,1157
cell_00911,T_cell,batch_1,healthy,donor_3,1388
cell_00912,T_cell,batch_2,healthy,donor_5,1323
cell_00913,T_cell,batch_0,disease,donor_5,1488
cell_00914,T_cell,batch_0,disease,donor_2,1397
cell_00915,T_cell,batch_0,disease,donor_4,1350
cell_00916,T_cell,batch_1,disease,donor_4,1275
cell_00917,T_cell,batch_0,healthy,donor_1,1322
cell_00918,T_cell,batch_2,disease,donor_4,1280
cell_00919,T_cell,batch_2,healthy,donor_2,1336
cell_00920,T_cell,batch_1,disease,donor_1,1474
cell_00921,T_cell,batch_0,healthy,donor_2,1386
cell_00922,T_cell,batch_0,healthy,donor_2,1346
cell_00923,T_cell,batch_1,healthy,donor_2,1087
cell_00924,T_cell,batch_1,healthy,donor_1,1131
cell_00925,T_cell,batch_0,disease,donor_4,1355
cell_00926,T_cell,batch_0,healthy,donor_2,1360
cell_00927,T_cell,batch_1,disease,donor_2,1246
cell_00928,T_cell,batch_2,disease,donor_0,1305
cell_00929,T_cell,batch_0,disease,donor_3,1312
cell_00930,T_cell,batch_1,healthy,donor_3,1133
cell_00931,T_cell,batch_2,healthy,donor_2,1297
cell_00932,T_cell,batch_0,disease,donor_3,1268
cell_00933,T_cell,batch_0,healthy,donor_4,1243
cell_00934,T_cell,batch_1,healthy,donor_5,1191
cell_00935,T_cell,batch_0,disease,donor_0,1425
cell_00936,T_cell,batch_0,disease,donor_0,1148
cell_00937,T_cell,batch_1,healthy,donor_1,1325
cell_00938,T_cell,batch_0,healthy,donor_1,1123
cell_00939,T_cell,batch_2,disease,donor_3,1275
cell_00940,T_cell,batch_1,healthy,donor_4,1331
cell_00941,T_cell,batch_1,healthy,donor_5,1233
cell_00942,T_cell,batch_1,disease,donor_2,1408
cell_00943,T_cell,batch_2,healthy,donor_3,1322
cell_00944,T_cell,batch_2,disease,donor_5,1488
cell_00945,T_cell,batch_2,disease,donor_3,1466
cell_00946,T_cell,batch_0,healthy,donor_3,1247
cell_00947,T_cell,batch_1,healthy,donor_4,1385
cell_00948,T_cell,batch_1,healthy,donor_3,1274
cell_00949,T_cell,batch_2,disease,donor_2,1303
cell_00950,T_cell,batch_0,disease,donor_5,1376
cell_00951,T_cell,batch_1,healthy,donor_0,1259
cell_00952,T_cell,batch_0,healthy,donor_4,1231
cell_00953,T_cell,batch_1,healthy,donor_3,1234
cell_00954,T_cell,batch_2,healthy,donor_3,1439
cell_00955,T_cell,batch_0,disease,donor_5,1345
cell_00956,T_cell,batch_0,healthy,donor_3,1160
cell_00957,T_cell,batch_1,healthy,donor_3,1336
cell_00958,T_cell,batch_0,healthy,donor_1,1250
cell_00959,T_cell,batch_2,healthy,donor_3,1248
cell_00960,T_cell,batch_0,healthy,donor_5,1447
cell_00961,T_cell,batch_0,disease,donor_3,1343
cell_00962,T_cell,batch_2,healthy,donor_5,1152
cell_00963,T_cell,batch_1,healthy,donor_3,1158
cell_00964,T_cell,batch_1,healthy,donor_0,1368
cell_00965,T_cell,batch_2,disease,donor_4,1415
cell_00966,T_cell,batch_0,healthy,donor_0,1393
cell_00967,T_cell,batch_2,disease,donor_4,1283
cell_00968,T_cell,batch_1,healthy,donor_3,1437
cell_00969,T_cell,batch_2,disease,donor_4,1417
cell_00970,T_cell,batch_1,healthy,donor_0,1337
cell_00971,T_cell,batch_0,healthy,donor_4,1466
cell_00972,T_cell,batch_0,healthy,donor_2,1365
cell_00973,T_cell,batch_0,healthy,donor_0,1357
cell_00974,T_cell,batch_1,disease,donor_0,1345
cell_00975,T_cell,batch_0,healthy,donor_5,1314
cell_00976,T_cell,batch_2,healthy,donor_2,1404
cell_00977,T_cell,batch_1,healthy,donor_3,1366
cell_00978,T_cell,batch_0,disease,donor_0,1211
cell_00979,T_cell,batch_1,disease,donor_2,1348
cell_00980,T_cell,batch_1,healthy,donor_1,1474
cell_00981,T_cell,batch_2,healthy,donor_3,1424
cell_00982,T_cell,batch_1,healthy,donor_0,1222
cell_00983,T_cell,batch_2,healthy,donor_5,1171
cell_00984,T_cell,batch_2,disease,donor_4,1323
cell_00985,T_cell,batch_0,disease,donor_1,1288
cell_00986,T_cell,batch_1,healthy,donor_4,1234
cell_00987,T_cell,batch_1,healthy,donor_0,1240
cell_00988,T_cell,batch_2,healthy,donor_1,1270
cell_00989,T_cell,batch_0,disease,donor_2,1277
cell_00990,T_cell,batch_1,disease,donor_0,1222
cell_00991,T_cell,batch_2,healthy,donor_5,1268
cell_00992,T_cell,batch_1,disease,donor_3,1411
cell_00993,T_cell,batch_0,disease,donor_0,1323
cell_00994,T_cell,batch_2,healthy,donor_4,1196
cell_00995,T_cell,batch_2,disease,donor_1,1447
cell_00996,T_cell,batch_0,disease,donor_1,1380
cell_00997,T_cell,batch_0,disease,donor_4,1364
cell_00998,T_cell,batch_2,healthy,donor_0,1275
cell_00999,T_cell,batch_1,healthy,donor_3,1283
cell_01000,T_cell,batch_2,healthy,donor_0,1252
cell_01001,T_cell,batch_2,healthy,donor_1,1424
cell_01002,T_cell,batch_0,healthy,donor_1,1292
cell_01003,T_cell,batch_1,healthy,donor_1,1354
cell_01004,T_cell,batch_2,healthy,donor_3,1476
cell_01005,T_cell,batch_2,healthy,donor_5,1265
cell_01006,T_cell,batch_0,healthy,donor_2,1415
cell_01007,T_cell,batch_1,healthy,donor_3,1447
cell_01008,T_cell,batch_2,disease,donor_3,1405
cell_01009,T_cell,batch_1,healthy,donor_4,1201
cell_01010,T_cell,batch_2,healthy,donor_3,1243
cell_01011,T_cell,batch_2,healthy,donor_1,1281
cell_01012,T_cell,batch_1,disease,donor_0,1408
cell_01013,T_cell,batch_2,healthy,donor_3,1323
cell_01014,T_cell,batch_0,healthy,donor_4,1250
cell_01015,T_cell,batch_1,healthy,donor_1,1255
cell_01016,T_cell,batch_0,disease,donor_0,1491
cell_01017,T_cell,batch_1,healthy,donor_3,1340
cell_01018,T_cell,batch_2,healthy,donor_2,1336
cell_01019,T_cell,batch_0,disease,donor_3,1350
cell_01020,T_cell,batch_2,healthy,donor_4,1314
cell_01021,T_cell,batch_0,disease,donor_3,1213
cell_01022,T_cell,batch_2,healthy,donor_2,1416
cell_01023,T_cell,batch_1,disease,donor_1,1243
cell_01024,T_cell,batch_1,healthy,donor_2,1351
cell_01025,T_cell,batch_1,healthy,donor_5,1402
cell_01026,T_cell,batch_1,disease,donor_3,1233
cell_01027,T_cell,batch_2,healthy,donor_4,1355
cell_01028,T_cell,batch_2,healthy,donor_0,1225
cell_01029,T_cell,batch_2,healthy,donor_4,1344
cell_01030,T_cell,batch_0,healthy,donor_4,1399
cell_01031,T_cell,batch_0,disease,donor_4,1422
cell_01032,T_cell,batch_0,healthy,donor_1,1241
cell_01033,T_cell,batch_2,disease,donor_0,1213
cell_01034,T_cell,batch_0,healthy,donor_4,1311
cell_01035,T_cell,batch_0,disease,donor_1,1272
cell_01036,T_cell,batch_0,healthy,donor_2,1290
cell_01037,T_cell,batch_1,disease,donor_3,1323
cell_01038,T_cell,batch_1,healthy,donor_5,1209
cell_01039,T_cell,batch_2,healthy,donor_5,1381
cell_01040,T_cell,batch_2,disease,donor_0,1485
cell_01041,T_cell,batch_1,healthy,donor_0,1369
cell_01042,T_cell,batch_1,disease,donor_4,1429
cell_01043,T_cell,batch_2,disease,donor_0,1389
cell_01044,T_cell,batch_1,disease,donor_5,1492
cell_01045,T_cell,batch_1,healthy,donor_5,1357
cell_01046,T_cell,batch_1,healthy,donor_2,1278
cell_01047,T_cell,batch_1,disease,donor_5,1169
cell_01048,T_cell,batch_2,healthy,donor_3,1300
cell_01049,T_cell,batch_1,healthy,donor_3,1339
cell_01050,T_cell,batch_0,disease,donor_1,1344
cell_01051,T_cell,batch_0,disease,donor_5,1461
cell_01052,T_cell,batch_1,disease,donor_0,1163
cell_01053,T_cell,batch_2,disease,donor_0,1280
cell_01054,T_cell,batch_1,disease,donor_4,1346
cell_01055,T_cell,batch_1,disease,donor_3,1390
cell_01056,T_cell,batch_0,disease,donor_3,1464
cell_01057,T_cell,batch_0,healthy,donor_3,1290
cell_01058,T_cell,batch_2,disease,donor_2,1373
cell_01059,T_cell,batch_0,healthy,donor_5,1320
cell_01060,T_cell,batch_0,healthy,donor_2,1415
cell_01061,T_cell,batch_2,healthy,donor_3,1389
cell_01062,T_cell,batch_0,healthy,donor_1,1234
cell_01063,T_cell,batch_2,healthy,donor_1,1277
cell_01064,T_cell,batch_0,healthy,donor_4,1407
cell_01065,T_cell,batch_2,disease,donor_0,1383
cell_01066,T_cell,batch_0,healthy,donor_0,1121
cell_01067,T_cell,batch_1,healthy,donor_4,1358
cell_01068,T_cell,batch_1,healthy,donor_4,1325
cell_01069,T_cell,batch_0,disease,donor_3,1417
cell_01070,T_cell,batch_0,disease,donor_5,1101
cell_01071,T_cell,batch_1,healthy,donor_5,1441
cell_01072,T_cell,batch_1,disease,donor_1,1286
cell_01073,T_cell,batch_2,disease,donor_0,1337
cell_01074,T_cell,batch_1,disease,donor_3,1261
cell_01075,T_cell,batch_1,disease,donor_3,1318
cell_01076,T_cell,batch_2,disease,donor_3,1311
cell_01077,T_cell,batch_0,healthy,donor_0,1403
cell_01078,T_cell,batch_2,disease,donor_4,1462
cell_01079,T_cell,batch_1,disease,donor_2,1444
cell_01080,T_cell,batch_1,healthy,donor_5,1377
cell_01081,T_cell,batch_0,disease,donor_2,1186
cell_01082,T_cell,batch_1,healthy,donor_2,1224
cell_01083,T_cell,batch_0,healthy,donor_4,1287
cell_01084,T_cell,batch_0,healthy,donor_1,1343
cell_01085,T_cell,batch_2,healthy,donor_4,1327
cell_01086,T_cell,batch_2,disease,donor_1,1276
cell_01087,T_cell,batch_1,healthy,donor_0,1368
cell_01088,T_cell,batch_0,disease,donor_3,1123
cell_01089,T_cell,batch_2,disease,donor_1,1476
cell_01090,T_cell,batch_1,disease,donor_2,1377
cell_01091,T_cell,batch_1,healthy,donor_2,1223
cell_01092,T_cell,batch_2,healthy,donor_1,1334
cell_01093,T_cell,batch_2,healthy,donor_2,1384
cell_01094,T_cell,batch_0,disease,donor_2,1195
cell_01095,T_cell,batch_1,disease,donor_5,1400
cell_01096,T_cell,batch_1,healthy,donor_0,1364
cell_01097,T_cell,batch_0,disease,donor_0,1301
cell_01098,T_cell,batch_2,healthy,donor_2,1062
cell_01099,T_cell,batch_1,healthy,donor_3,1241
cell_01100,T_cell,batch_2,disease,donor_3,1312
cell_01101,T_cell,batch_1,disease,donor_0,1169
cell_01102,T_cell,batch_2,disease,donor_3,1443
cell_01103,T_cell,batch_2,disease,donor_0,1491
cell_01104,T_cell,batch_1,disease,donor_0,1378
cell_01105,T_cell,batch_0,healthy,donor_1,1321
cell_01106,T_cell,batch_2,healthy,donor_0,1296
cell_01107,T_cell,batch_2,healthy,donor_1,1207
cell_01108,T_cell,batch_2,healthy,donor_3,1277
cell_01109,T_cell,batch_0,healthy,donor_5,1182
cell_01110,T_cell,batch_2,healthy,donor_5,1206
cell_01111,T_cell,batch_1,disease,donor_4,1249
cell_01112,T_cell,batch_2,disease,donor_1,1392
cell_01113,T_cell,batch_2,healthy,donor_5,1273
cell_01114,T_cell,batch_2,disease,donor_4,1355
cell_01115,T_cell,batch_1,healthy,donor_4,1420
cell_01116,T_cell,batch_1,healthy,donor_1,1333
cell_01117,T_cell,batch_1,healthy,donor_1,1162
cell_01118,T_cell,batch_2,healthy,donor_1,1231
cell_01119,T_cell,batch_0,disease,donor_2,1305
cell_01120,T_cell,batch_0,healthy,donor_5,1545
cell_01121,T_cell,batch_2,healthy,donor_1,1278
cell_01122,T_cell,batch_2,healthy,donor_5,1214
cell_01123,T_cell,batch_0,disease,donor_4,1469
cell_01124,T_cell,batch_2,disease,donor_0,1380
cell_01125,T_cell,batch_0,healthy,donor_2,1312
cell_01126,T_cell,batch_2,healthy,donor_2,1242
cell_01127,T_cell,batch_0,healthy,donor_2,1315
cell_01128,T_cell,batch_1,healthy,donor_3,1484
cell_01129,T_cell,batch_1,disease,donor_2,1507
cell_01130,T_cell,batch_2,disease,donor_0,1346
cell_01131,T_cell,batch_1,disease,donor_5,1407
cell_01132,T_cell,batch_1,disease,donor_1,1409
cell_01133,T_cell,batch_1,disease,donor_1,1330
cell_01134,T_cell,batch_0,healthy,donor_4,1244
cell_01135,T_cell,batch_1,disease,donor_0,1228
cell_01136,T_cell,batch_1,healthy,donor_4,1337
cell_01137,T_cell,batch_0,healthy,donor_0,1475
cell_01138,T_cell,batch_1,disease,donor_4,1273
cell_01139,T_cell,batch_2,healthy,donor_4,1246
cell_01140,T_cell,batch_0,healthy,donor_3,1257
cell_01141,T_cell,batch_2,healthy,donor_3,1400
cell_01142,T_cell,batch_0,disease,donor_0,1331
cell_01143,T_cell,batch_0,disease,donor_2,1250
cell_01144,T_cell,batch_2,healthy,donor_3,1229
cell_01145,T_cell,batch_0,healthy,donor_5,1154
cell_01146,T_cell,batch_0,disease,donor_3,1190
cell_01147,T_cell,batch_0,healthy,donor_0,1298
cell_01148,T_cell,batch_0,disease,donor_1,1493
cell_01149,T_cell,batch_2,disease,donor_1,1252
cell_01150,T_cell,batch_0,disease,donor_3,1372
cell_01151,T_cell,batch_2,healthy,donor_5,1407
cell_01152,T_cell,batch_1,healthy,donor_0,1321
cell_01153,T_cell,batch_2,healthy,donor_1,1167
cell_01154,T_cell,batch_1,healthy,donor_4,1346
cell_01155,T_cell,batch_1,healthy,donor_4,1198
cell_01156,T_cell,batch_1,healthy,donor_0,1383
cell_01157,T_cell,batch_2,disease,donor_2,1211
cell_01158,T_cell,batch_0,disease,donor_3,1248
cell_01159,T_cell,batch_1,healthy,donor_4,1240
cell_01160,T_cell,batch_2,disease,donor_4,1248
cell_01161,T_cell,batch_0,disease,donor_0,1416
cell_01162,T_cell,batch_1,disease,donor_4,1187
cell_01163,T_cell,batch_0,healthy,donor_5,1428
cell_01164,T_cell,batch_2,healthy,donor_5,1332
cell_01165,T_cell,batch_2,healthy,donor_4,1389
cell_01166,T_cell,batch_2,healthy,donor_0,1239
cell_01167,T_cell,batch_2,disease,donor_5,1333
cell_01168,T_cell,batch_1,disease,donor_1,1353
cell_01169,T_cell,batch_2,disease,donor_5,1331
cell_01170,T_cell,batch_1,disease,donor_2,1235
cell_01171,T_cell,batch_2,healthy,donor_5,1307
cell_01172,T_cell,batch_0,healthy,donor_1,1348
cell_01173,T_cell,batch_2,healthy,donor_1,1230
cell_01174,T_cell,batch_1,healthy,donor_3,1234
cell_01175,T_cell,batch_1,healthy,donor_5,1358
cell_01176,T_cell,batch_0,disease,donor_3,1279
cell_01177,T_cell,batch_1,disease,donor_1,1304
cell_01178,T_cell,batch_2,disease,donor_4,1346
cell_01179,T_cell,batch_1,healthy,donor_5,1193
cell_01180,T_cell,batch_1,healthy,donor_5,1389
cell_01181,T_cell,batch_0,healthy,donor_1,1418
cell_01182,T_cell,batch_0,disease,donor_0,1351
cell_01183,T_cell,batch_2,disease,donor_3,1453
cell_01184,T_cell,batch_0,healthy,donor_3,1317
cell_01185,T_cell,batch_1,healthy,donor_4,1329
cell_01186,T_cell,batch_0,healthy,donor_2,1454
cell_01187,T_cell,batch_1,disease,donor_4,1184
cell_01188,T_cell,batch_2,disease,donor_5,1350
cell_01189,T_cell,batch_2,healthy,donor_0,1403
cell_01190,T_cell,batch_2,disease,donor_5,1255
cell_01191,T_cell,batch_2,healthy,donor_5,1377
cell_01192,T_cell,batch_0,healthy,donor_2,1387
cell_01193,T_cell,batch_2,healthy,donor_2,1402
cell_01194,T_cell,batch_2,healthy,donor_4,1338
cell_01195,T_cell,batch_2,healthy,donor_2,1397
cell_01196,T_cell,batch_0,healthy,donor_1,1253
cell_01197,T_cell,batch_1,healthy,donor_2,1379
cell_01198,T_cell,batch_0,disease,donor_4,1360
cell_01199,T_cell,batch_1,healthy,donor_3,1229
cell_01200,T_cell,batch_0,healthy,donor_2,1327
cell_01201,T_cell,batch_2,disease,donor_0,1370
cell_01202,T_cell,batch_2,healthy,donor_2,1380
cell_01203,T_cell,batch_1,healthy,donor_3,1248
cell_01204,T_cell,batch_2,healthy,donor_0,1417
cell_01205,T_cell,batch_2,healthy,donor_0,1446
cell_01206,T_cell,batch_1,healthy,donor_0,1209
cell_01207,T_cell,batch_0,disease,donor_3,1257
cell_01208,T_cell,batch_0,healthy,donor_5,1298
cell_01209,T_cell,batch_0,disease,donor_4,1226
cell_01210,T_cell,batch_2,disease,donor_3,1304
cell_01211,T_cell,batch_1,healthy,donor_1,1580
cell_01212,T_cell,batch_1,disease,donor_4,1544
cell_01213,T_cell,batch_0,disease,donor_2,1374
cell_01214,T_cell,batch_1,healthy,donor_5,1125
cell_01215,T_cell,batch_0,disease,donor_5,1380
cell_01216,T_cell,batch_0,disease,donor_1,1253
cell_01217,T_cell,batch_0,healthy,donor_5,1289
cell_01218,T_cell,batch_2,healthy,donor_3,1320
cell_01219,T_cell,batch_2,healthy,donor_5,1291
cell_01220,T_cell,batch_1,disease,donor_1,1275
cell_01221,T_cell,batch_2,healthy,donor_0,1171
cell_01222,T_cell,batch_0,disease,donor_5,1370
cell_01223,T_cell,batch_2,healthy,donor_3,1368
cell_01224,T_cell,batch_0,disease,donor_1,1272
cell_01225,T_cell,batch_0,healthy,donor_2,1288
cell_01226,T_cell,batch_1,healthy,donor_1,1205
cell_01227,T_cell,batch_1,healthy,donor_4,1411
cell_01228,T_cell,batch_0,disease,donor_5,1136
cell_01229,T_cell,batch_2,healthy,donor_2,1193
cell_01230,T_cell,batch_0,disease,donor_3,1320
cell_01231,T_cell,batch_0,healthy,donor_4,1247
cell_01232,T_cell,batch_1,healthy,donor_5,1587
cell_01233,T_cell,batch_2,healthy,donor_3,1140
cell_01234,T_cell,batch_0,healthy,donor_2,1305
cell_01235,T_cell,batch_0,healthy,donor_1,1292
cell_01236,T_cell,batch_0,healthy,donor_4,1479
cell_01237,T_cell,batch_1,disease,donor_3,1057
cell_01238,T_cell,batch_0,healthy,donor_5,1412
cell_01239,T_cell,batch_2,healthy,donor_1,1377
cell_01240,T_cell,batch_1,healthy,donor_2,1209
cell_01241,T_cell,batch_1,disease,donor_2,1315
cell_01242,T_cell,batch_2,disease,donor_1,1132
cell_01243,T_cell,batch_0,disease,donor_5,1219
cell_01244,T_cell,batch_0,healthy,donor_5,1312
cell_01245,T_cell,batch_1,disease,donor_5,1286
cell_01246,T_cell,batch_2,disease,donor_4,1371
cell_01247,T_cell,batch_0,disease,donor_3,1202
cell_01248,T_cell,batch_2,healthy,donor_5,1335
cell_01249,T_cell,batch_2,healthy,donor_3,1225
cell_01250,T_cell,batch_0,disease,donor_5,1393
cell_01251,T_cell,batch_1,disease,donor_0,1377
cell_01252,T_cell,batch_0,disease,donor_2,1329
cell_01253,T_cell,batch_1,healthy,donor_0,1200
cell_01254,T_cell,batch_2,healthy,donor_3,1371
cell_01255,T_cell,batch_1,healthy,donor_5,1343
cell_01256,T_cell,batch_1,healthy,donor_1,1284
cell_01257,T_cell,batch_2,healthy,donor_2,1312
cell_01258,T_cell,batch_0,healthy,donor_0,1219
cell_01259,T_cell,batch_2,healthy,donor_4,1375
cell_01260,T_cell,batch_0,healthy,donor_2,1432
cell_01261,T_cell,batch_1,healthy,donor_1,1302
cell_01262,T_cell,batch_0,healthy,donor_4,1401
cell_01263,T_cell,batch_0,healthy,donor_5,1349
cell_01264,T_cell,batch_0,disease,donor_2,1302
cell_01265,T_cell,batch_2,healthy,donor_5,1283
cell_01266,T_cell,batch_2,disease,donor_1,1417
cell_01267,T_cell,batch_1,healthy,donor_5,1101
cell_01268,T_cell,batch_0,healthy,donor_0,1167
cell_01269,T_cell,batch_1,healthy,donor_2,1175
cell_01270,T_cell,batch_2,healthy,donor_3,1423
cell_01271,T_cell,batch_2,disease,donor_4,1337
cell_01272,T_cell,batch_1,disease,donor_0,1459
cell_01273,T_cell,batch_2,disease,donor_4,1310
cell_01274,T_cell,batch_0,healthy,donor_1,1267
cell_01275,T_cell,batch_0,disease,donor_2,1232
cell_01276,T_cell,batch_0,disease,donor_0,1148
cell_01277,T_cell,batch_2,healthy,donor_3,1377
cell_01278,T_cell,batch_2,disease,donor_0,1433
cell_01279,T_cell,batch_0,healthy,donor_3,1344
cell_01280,T_cell,batch_1,healthy,donor_4,1273
cell_01281,T_cell,batch_2,healthy,donor_2,1168
cell_01282,T_cell,batch_2,healthy,donor_4,1222
cell_01283,T_cell,batch_0,healthy,donor_2,1408
cell_01284,T_cell,batch_1,disease,donor_1,1395
cell_01285,T_cell,batch_1,disease,donor_0,1239
cell_01286,T_cell,batch_0,healthy,donor_4,1468
cell_01287,T_cell,batch_0,healthy,donor_2,1313
cell_01288,T_cell,batch_0,healthy,donor_4,1325
cell_01289,T_cell,batch_2,disease,donor_4,1343
cell_01290,T_cell,batch_0,disease,donor_1,1406
cell_01291,T_cell,batch_0,healthy,donor_5,1241
cell_01292,T_cell,batch_1,disease,donor_1,1411
cell_01293,T_cell,batch_1,healthy,donor_4,1401
cell_01294,T_cell,batch_2,healthy,donor_0,1251
cell_01295,T_cell,batch_2,healthy,donor_3,1245
cell_01296,T_cell,batch_0,disease,donor_0,1246
cell_01297,T_cell,batch_1,healthy,donor_0,1220
cell_01298,T_cell,batch_1,healthy,donor_0,1301
cell_01299,T_cell,batch_0,disease,donor_5,1236
cell_01300,T_cell,batch_1,healthy,donor_2,1287
cell_01301,T_cell,batch_2,healthy,donor_5,1419
cell_01302,T_cell,batch_2,disease,donor_1,1194
cell_01303,T_cell,batch_0,disease,donor_2,1316
cell_01304,T_cell,batch_0,disease,donor_5,1431
cell_01305,T_cell,batch_0,disease,donor_0,1337
cell_01306,T_cell,batch_0,disease,donor_0,1368
cell_01307,T_cell,batch_1,healthy,donor_0,1368
cell_01308,T_cell,batch_1,healthy,donor_3,1333
cell_01309,T_cell,batch_1,healthy,donor_1,1136
cell_01310,T_cell,batch_2,healthy,donor_3,1271
cell_01311,T_cell,batch_2,healthy,donor_0,1298
cell_01312,T_cell,batch_1,healthy,donor_0,1292
cell_01313,T_cell,batch_1,healthy,donor_4,1202
cell_01314,T_cell,batch_2,healthy,donor_1,1221
cell_01315,T_cell,batch_0,healthy,donor_2,1268
cell_01316,T_cell,batch_0,disease,donor_1,1282
cell_01317,T_cell,batch_1,healthy,donor_0,1302
cell_01318,T_cell,batch_2,healthy,donor_2,1430
cell_01319,T_cell,batch_0,healthy,donor_3,1303
cell_01320,T_cell,batch_0,healthy,donor_3,1412
cell_01321,T_cell,batch_2,healthy,donor_4,1261
cell_01322,T_cell,batch_1,healthy,donor_0,1475
cell_01323,T_cell,batch_0,disease,donor_1,1377
cell_01324,T_cell,batch_0,disease,donor_4,1230
cell_01325,T_cell,batch_0,disease,donor_2,1297
cell_01326,T_cell,batch_1,healthy,donor_4,1265
cell_01327,T_cell,batch_1,disease,donor_0,1333
cell_01328,T_cell,batch_2,healthy,donor_3,1143
cell_01329,T_cell,batch_1,disease,donor_1,1423
cell_01330,T_cell,batch_2,disease,donor_0,1333
cell_01331,T_cell,batch_0,healthy,donor_5,1391
cell_01332,T_cell,batch_2,healthy,donor_2,1130
cell_01333,T_cell,batch_1,disease,donor_1,1172
cell_01334,T_cell,batch_2,healthy,donor_4,1339
cell_01335,T_cell,batch_1,healthy,donor_2,1449
cell_01336,T_cell,batch_1,healthy,donor_4,1351
cell_01337,T_cell,batch_2,healthy,donor_2,1226
cell_01338,T_cell,batch_1,healthy,donor_2,1264
cell_01339,T_cell,batch_1,disease,donor_5,1267
cell_01340,T_cell,batch_0,healthy,donor_2,1385
cell_01341,T_cell,batch_2,healthy,donor_0,1374
cell_01342,T_cell,batch_1,disease,donor_5,1203
cell_01343,T_cell,batch_0,healthy,donor_0,1315
cell_01344,T_cell,batch_1,healthy,donor_2,1450
cell_01345,T_cell,batch_1,healthy,donor_1,1213
cell_01346,T_cell,batch_0,healthy,donor_2,1362
cell_01347,T_cell,batch_1,healthy,donor_0,1337
cell_01348,T_cell,batch_2,healthy,donor_4,1233
cell_01349,T_cell,batch_0,disease,donor_1,1356
cell_01350,T_cell,batch_0,disease,donor_3,1294
cell_01351,T_cell,batch_1,healthy,donor_5,1381
cell_01352,T_cell,batch_0,disease,donor_4,1391
cell_01353,T_cell,batch_2,disease,donor_4,1475
cell_01354,T_cell,batch_1,healthy,donor_1,1516
cell_01355,T_cell,batch_2,healthy,donor_3,1350
cell_01356,T_cell,batch_0,healthy,donor_1,1340
cell_01357,T_cell,batch_2,disease,donor_2,1256
cell_01358,T_cell,batch_1,disease,donor_5,1569
cell_01359,T_cell,batch_0,disease,donor_2,1294
cell_01360,T_cell,batch_1,healthy,donor_5,1388
cell_01361,T_cell,batch_0,healthy,donor_0,1401
cell_01362,T_cell,batch_0,disease,donor_1,1353
cell_01363,T_cell,batch_0,healthy,donor_2,1165
cell_01364,T_cell,batch_2,disease,donor_3,1233
cell_01365,T_cell,batch_2,disease,donor_2,1340
cell_01366,T_cell,batch_2,disease,donor_0,1122
cell_01367,T_cell,batch_0,healthy,donor_1,1437
cell_01368,T_cell,batch_2,healthy,donor_2,1534
cell_01369,T_cell,batch_1,healthy,donor_2,1326
cell_01370,T_cell,batch_2,healthy,donor_2,1328
cell_01371,T_cell,batch_2,healthy,donor_3,1286
cell_01372,T_cell,batch_2,healthy,donor_5,1392
cell_01373,T_cell,batch_1,disease,donor_2,1476
cell_01374,T_cell,batch_2,healthy,donor_4,1062
cell_01375,T_cell,batch_2,healthy,donor_1,1371
cell_01376,T_cell,batch_1,healthy,donor_4,1440
cell_01377,T_cell,batch_1,healthy,donor_3,1176
cell_01378,T_cell,batch_2,healthy,donor_1,1331
cell_01379,T_cell,batch_2,disease,donor_0,1256
cell_01380,T_cell,batch_1,healthy,donor_0,1102
cell_01381,T_cell,batch_2,healthy,donor_4,1346
cell_01382,T_cell,batch_1,healthy,donor_3,1359
cell_01383,T_cell,batch_2,healthy,donor_5,1234
cell_01384,T_cell,batch_1,disease,donor_1,1144
cell_01385,T_cell,batch_1,healthy,donor_0,1512
cell_01386,T_cell,batch_1,healthy,donor_3,1277
cell_01387,T_cell,batch_2,healthy,donor_2,1385
cell_01388,T_cell,batch_0,healthy,donor_4,1285
cell_01389,T_cell,batch_0,disease,donor_0,1413
cell_01390,T_cell,batch_0,healthy,donor_5,1338
cell_01391,T_cell,batch_0,healthy,donor_0,1239
cell_01392,T_cell,batch_2,healthy,donor_0,1377
cell_01393,T_cell,batch_2,disease,donor_1,1446
cell_01394,T_cell,batch_0,disease,donor_1,1219
cell_01395,T_cell,batch_0,healthy,donor_3,1459
cell_01396,T_cell,batch_2,disease,donor_2,1436
cell_01397,T_cell,batch_1,healthy,donor_1,1295
cell_01398,T_cell,batch_0,disease,donor_0,1437
cell_01399,T_cell,batch_2,healthy,donor_3,1420
cell_01400,T_cell,batch_2,disease,donor_1,1351
cell_01401,T_cell,batch_1,disease,donor_3,1356
cell_01402,T_cell,batch_2,disease,donor_5,1338
cell_01403,T_cell,batch_0,disease,donor_4,1468
cell_01404,T_cell,batch_1,disease,donor_5,1335
cell_01405,T_cell,batch_0,healthy,donor_3,1298
cell_01406,T_cell,batch_2,healthy,donor_4,1379
cell_01407,T_cell,batch_1,healthy,donor_2,1287
cell_01408,T_cell,batch_2,disease,donor_4,1236
cell_01409,T_cell,batch_0,healthy,donor_3,1571
cell_01410,T_cell,batch_0,healthy,donor_1,1267
cell_01411,T_cell,batch_1,disease,donor_4,1207
cell_01412,T_cell,batch_2,healthy,donor_2,1363
cell_01413,T_cell,batch_2,disease,donor_5,1275
cell_01414,T_cell,batch_0,healthy,donor_5,1257
cell_01415,T_cell,batch_2,healthy,donor_4,1243
cell_01416,T_cell,batch_0,healthy,donor_5,1370
cell_01417,T_cell,batch_2,healthy,donor_5,1285
cell_01418,T_cell,batch_2,disease,donor_2,1412
cell_01419,T_cell,batch_1,healthy,donor_1,1180
cell_01420,T_cell,batch_1,healthy,donor_1,1420
cell_01421,T_cell,batch_2,healthy,donor_4,1205
cell_01422,T_cell,batch_2,disease,donor_0,1122
cell_01423,T_cell,batch_1,healthy,donor_1,1353
cell_01424,T_cell,batch_0,healthy,donor_0,1440
cell_01425,T_cell,batch_2,healthy,donor_4,1103
cell_01426,T_cell,batch_1,healthy,donor_4,1287
cell_01427,T_cell,batch_0,healthy,donor_2,1177
cell_01428,T_cell,batch_2,healthy,donor_0,1246
cell_01429,T_cell,batch_0,disease,donor_4,1394
cell_01430,T_cell,batch_1,healthy,donor_2,1405
cell_01431,T_cell,batch_1,disease,donor_5,1409
cell_01432,T_cell,batch_1,healthy,donor_4,1221
cell_01433,T_cell,batch_0,disease,donor_3,1213
cell_01434,T_cell,batch_0,disease,donor_0,1250
cell_01435,T_cell,batch_1,disease,donor_3,1362
cell_01436,T_cell,batch_2,disease,donor_4,1169
cell_01437,T_cell,batch_2,disease,donor_5,1302
cell_01438,T_cell,batch_0,healthy,donor_2,1371
cell_01439,T_cell,batch_2,healthy,donor_1,1260
cell_01440,T_cell,batch_0,healthy,donor_1,1170
cell_01441,T_cell,batch_2,healthy,donor_1,1545
cell_01442,T_cell,batch_2,disease,donor_5,1248
cell_01443,T_cell,batch_1,healthy,donor_4,1287
cell_01444,T_cell,batch_1,healthy,donor_1,1472
cell_01445,T_cell,batch_2,disease,donor_0,1186
cell_01446,T_cell,batch_0,disease,donor_4,1338
cell_01447,T_cell,batch_2,healthy,donor_5,1322
cell_01448,T_cell,batch_2,healthy,donor_3,1438
cell_01449,T_cell,batch_2,disease,donor_3,1254
cell_01450,T_cell,batch_0,disease,donor_1,1171
cell_01451,T_cell,batch_1,healthy,donor_4,1157
cell_01452,T_cell,batch_2,healthy,donor_5,1258
cell_01453,T_cell,batch_2,disease,donor_1,1389
cell_01454,T_cell,batch_2,healthy,donor_5,1281
cell_01455,T_cell,batch_1,healthy,donor_2,1177
cell_01456,T_cell,batch_0,disease,donor_4,1372
cell_01457,T_cell,batch_2,healthy,donor_1,1461
cell_01458,T_cell,batch_0,healthy,donor_4,1307
cell_01459,T_cell,batch_0,healthy,donor_2,1457
cell_01460,T_cell,batch_0,healthy,donor_3,1294
cell_01461,T_cell,batch_1,healthy,donor_1,1434
cell_01462,T_cell,batch_0,healthy,donor_5,1427
cell_01463,T_cell,batch_0,healthy,donor_5,1382
cell_01464,T_cell,batch_1,healthy,donor_1,1015
cell_01465,T_cell,batch_2,healthy,donor_1,1181
cell_01466,T_cell,batch_1,healthy,donor_2,1325
cell_01467,T_cell,batch_0,disease,donor_5,1283
cell_01468,T_cell,batch_1,disease,donor_4,1197
cell_01469,T_cell,batch_1,healthy,donor_0,1368
cell_01470,T_cell,batch_1,disease,donor_1,1287
cell_01471,T_cell,batch_2,healthy,donor_5,1290
cell_01472,T_cell,batch_2,healthy,donor_5,1314
cell_01473,T_cell,batch_1,healthy,donor_2,1258
cell_01474,T_cell,batch_2,healthy,donor_4,1310
cell_01475,T_cell,batch_1,healthy,donor_4,1303
cell_01476,T_cell,batch_0,healthy,donor_5,1328
cell_01477,T_cell,batch_0,healthy,donor_3,1229
cell_01478,T_cell,batch_0,disease,donor_2,1140
cell_01479,T_cell,batch_2,healthy,donor_2,1275
cell_01480,T_cell,batch_1,disease,donor_3,1366
cell_01481,T_cell,batch_0,healthy,donor_2,1310
cell_01482,T_cell,batch_2,healthy,donor_4,1342
cell_01483,T_cell,batch_1,healthy,donor_0,1316
cell_01484,T_cell,batch_2,disease,donor_0,1364
cell_01485,T_cell,batch_2,healthy,donor_0,1541
cell_01486,T_cell,batch_0,healthy,donor_2,1401
cell_01487,T_cell,batch_1,healthy,donor_1,1276
cell_01488,T_cell,batch_2,healthy,donor_3,1378
cell_01489,T_cell,batch_2,healthy,donor_2,1358
cell_01490,T_cell,batch_2,healthy,donor_2,1452
cell_01491,T_cell,batch_1,healthy,donor_1,1337
cell_01492,T_cell,batch_0,healthy,donor_5,1235
cell_01493,T_cell,batch_2,healthy,donor_4,1267
cell_01494,T_cell,batch_1,healthy,donor_5,1213
cell_01495,T_cell,batch_2,disease,donor_1,1355
cell_01496,T_cell,batch_0,healthy,donor_3,1397
cell_01497,T_cell,batch_2,healthy,donor_0,1312
cell_01498,T_cell,batch_0,healthy,donor_4,1160
cell_01499,T_cell,batch_2,healthy,donor_1,1274
cell_01500,B_cell,batch_2,healthy,donor_0,1293
cell_01501,B_cell,batch_0,disease,donor_0,1411
cell_01502,B_cell,batch_2,disease,donor_2,1288
cell_01503,B_cell,batch_2,disease,donor_1,1248
cell_01504,B_cell,batch_2,healthy,donor_4,1293
cell_01505,B_cell,batch_1,healthy,donor_1,1412
cell_01506,B_cell,batch_2,healthy,donor_5,1295
cell_01507,B_cell,batch_1,healthy,donor_5,1223
cell_01508,B_cell,batch_2,healthy,donor_5,1233
cell_01509,B_cell,batch_2,healthy,donor_4,1491
cell_01510,B_cell,batch_0,healthy,donor_4,1300
cell_01511,B_cell,batch_2,healthy,donor_4,1490
cell_01512,B_cell,batch_0,healthy,donor_5,1241
cell_01513,B_cell,batch_1,disease,donor_5,1481
cell_01514,B_cell,batch_1,healthy,donor_3,1152
cell_01515,B_cell,batch_0,disease,donor_1,1220
cell_01516,B_cell,batch_0,healthy,donor_3,1203
cell_01517,B_cell,batch_0,healthy,donor_1,1483
cell_01518,B_cell,batch_2,healthy,donor_2,1357
cell_01519,B_cell,batch_2,healthy,donor_3,1319
cell_01520,B_cell,batch_1,healthy,donor_4,1253
cell_01521,B_cell,batch_1,disease,donor_2,1402
cell_01522,B_cell,batch_1,disease,donor_0,1363
cell_01523,B_cell,batch_0,disease,donor_5,1076
cell_01524,B_cell,batch_2,healthy,donor_0,1280
cell_01525,B_cell,batch_1,disease,donor_4,1245
cell_01526,B_cell,batch_1,healthy,donor_0,1345
cell_01527,B_cell,batch_0,healthy,donor_5,1305
cell_01528,B_cell,batch_1,healthy,donor_3,1183
cell_01529,B_cell,batch_0,disease,donor_3,1309
cell_01530,B_cell,batch_0,disease,donor_1,1451
cell_01531,B_cell,batch_0,disease,donor_1,1314
cell_01532,B_cell,batch_1,healthy,donor_2,1288
cell_01533,B_cell,batch_1,healthy,donor_0,1310
cell_01534,B_cell,batch_2,healthy,donor_0,1257
cell_01535,B_cell,batch_0,disease,donor_3,1401
cell_01536,B_cell,batch_2,disease,donor_0,1416
cell_01537,B_cell,batch_1,disease,donor_5,1313
cell_01538,B_cell,batch_0,healthy,donor_1,1298
cell_01539,B_cell,batch_1,healthy,donor_4,1200
cell_01540,B_cell,batch_1,disease,donor_0,1397
cell_01541,B_cell,batch_2,healthy,donor_5,1236
cell_01542,B_cell,batch_1,disease,donor_3,1113
cell_01543,B_cell,batch_1,healthy,donor_5,1243
cell_01544,B_cell,batch_2,healthy,donor_4,1299
cell_01545,B_cell,batch_2,healthy,donor_4,1219
cell_01546,B_cell,batch_1,healthy,donor_3,1335
cell_01547,B_cell,batch_0,disease,donor_0,1259
cell_01548,B_cell,batch_0,healthy,donor_3,1361
cell_01549,B_cell,batch_1,healthy,donor_3,1443
cell_01550,B_cell,batch_2,disease,donor_0,1167
cell_01551,B_cell,batch_0,healthy,donor_5,1389
cell_01552,B_cell,batch_0,healthy,donor_3,1264
cell_01553,B_cell,batch_0,disease,donor_2,1315
cell_01554,B_cell,batch_0,disease,donor_5,1368
cell_01555,B_cell,batch_2,disease,donor_1,1291
cell_01556,B_cell,batch_0,disease,donor_5,1304
cell_01557,B_cell,batch_0,healthy,donor_5,1313
cell_01558,B_cell,batch_2,healthy,donor_1,1524
cell_01559,B_cell,batch_0,healthy,donor_5,1371
cell_01560,B_cell,batch_0,healthy,donor_1,1201
cell_01561,B_cell,batch_0,healthy,donor_0,1386
cell_01562,B_cell,batch_1,healthy,donor_3,1487
cell_01563,B_cell,batch_0,disease,donor_3,1509
cell_01564,B_cell,batch_1,healthy,donor_5,1347
cell_01565,B_cell,batch_0,healthy,donor_1,1242
cell_01566,B_cell,batch_0,healthy,donor_3,1202
cell_01567,B_cell,batch_0,disease,donor_2,1223
cell_01568,B_cell,batch_0,healthy,donor_2,1408
cell_01569,B_cell,batch_1,healthy,donor_5,1205
cell_01570,B_cell,batch_0,healthy,donor_5,1351
cell_01571,B_cell,batch_0,disease,donor_2,1241
cell_01572,B_cell,batch_1,disease,donor_3,1309
cell_01573,B_cell,batch_1,healthy,donor_3,1224
cell_01574,B_cell,batch_0,healthy,donor_5,1574
cell_01575,B_cell,batch_2,healthy,donor_1,1286
cell_01576,B_cell,batch_0,healthy,donor_1,1364
cell_01577,B_cell,batch_2,healthy,donor_4,1315
cell_01578,B_cell,batch_0,healthy,donor_2,1385
cell_01579,B_cell,batch_2,healthy,donor_3,1357
cell_01580,B_cell,batch_0,disease,donor_4,1400
cell_01581,B_cell,batch_1,healthy,donor_4,1282
cell_01582,B_cell,batch_1,healthy,donor_1,1500
cell_01583,B_cell,batch_2,healthy,donor_4,1554
cell_01584,B_cell,batch_2,healthy,donor_0,1307
cell_01585,B_cell,batch_2,healthy,donor_5,1338
cell_01586,B_cell,batch_1,healthy,donor_3,1457
cell_01587,B_cell,batch_1,healthy,donor_0,1234
cell_01588,B_cell,batch_1,healthy,donor_3,1223
cell_01589,B_cell,batch_1,healthy,donor_4,1484
cell_01590,B_cell,batch_1,disease,donor_0,1260
cell_01591,B_cell,batch_1,disease,donor_0,1273
cell_01592,B_cell,batch_0,disease,donor_5,1280
cell_01593,B_cell,batch_1,disease,donor_0,1400
cell_01594,B_cell,batch_1,healthy,donor_3,1333
cell_01595,B_cell,batch_2,disease,donor_4,1239
cell_01596,B_cell,batch_0,disease,donor_5,1445
cell_01597,B_cell,batch_2,healthy,donor_2,1378
cell_01598,B_cell,batch_2,healthy,donor_3,1330
cell_01599,B_cell,batch_1,healthy,donor_4,1249
cell_01600,B_cell,batch_2,disease,donor_5,1365
cell_01601,B_cell,batch_2,disease,donor_1,1528
cell_01602,B_cell,batch_2,disease,donor_2,1356
cell_01603,B_cell,batch_0,healthy,donor_5,1288
cell_01604,B_cell,batch_2,healthy,donor_3,1309
cell_01605,B_cell,batch_0,disease,donor_2,1274
cell_01606,B_cell,batch_1,healthy,donor_4,1491
cell_01607,B_cell,batch_2,healthy,donor_1,1188
cell_01608,B_cell,batch_2,disease,donor_4,1354
cell_01609,B_cell,batch_0,healthy,donor_2,1303
cell_01610,B_cell,batch_1,healthy,donor_4,1316
cell_01611,B_cell,batch_2,disease,donor_5,1342
cell_01612,B_cell,batch_0,disease,donor_1,1178
cell_01613,B_cell,batch_2,disease,donor_1,1380
cell_01614,B_cell,batch_1,healthy,donor_3,1267
cell_01615,B_cell,batch_1,healthy,donor_5,1148
cell_01616,B_cell,batch_2,healthy,donor_5,1208
cell_01617,B_cell,batch_0,disease,donor_1,1411
cell_01618,B_cell,batch_1,healthy,donor_4,1200
cell_01619,B_cell,batch_1,disease,donor_0,1244
cell_01620,B_cell,batch_0,healthy,donor_4,1449
cell_01621,B_cell,batch_0,disease,donor_0,1345
cell_01622,B_cell,batch_1,disease,donor_4,1194
cell_01623,B_cell,batch_1,healthy,donor_0,1458
cell_01624,B_cell,batch_0,healthy,donor_5,1253
cell_01625,B_cell,batch_2,healthy,donor_5,1276
cell_01626,B_cell,batch_2,healthy,donor_4,1273
cell_01627,B_cell,batch_2,healthy,donor_3,1310
cell_01628,B_cell,batch_1,healthy,donor_2,1447
cell_01629,B_cell,batch_2,healthy,donor_5,1364
cell_01630,B_cell,batch_0,healthy,donor_0,1609
cell_01631,B_cell,batch_0,disease,donor_1,1398
cell_01632,B_cell,batch_0,healthy,donor_2,1245
cell_01633,B_cell,batch_2,disease,donor_0,1502
cell_01634,B_cell,batch_0,healthy,donor_3,1291
cell_01635,B_cell,batch_1,disease,donor_0,1387
cell_01636,B_cell,batch_1,healthy,donor_4,1186
cell_01637,B_cell,batch_2,disease,donor_3,1400
cell_01638,B_cell,batch_1,healthy,donor_1,1283
cell_01639,B_cell,batch_1,disease,donor_3,1216
cell_01640,B_cell,batch_1,healthy,donor_0,1342
cell_01641,B_cell,batch_1,healthy,donor_3,1316
cell_01642,B_cell,batch_2,healthy,donor_2,1374
cell_01643,B_cell,batch_0,healthy,donor_0,1224
cell_01644,B_cell,batch_0,disease,donor_1,1321
cell_01645,B_cell,batch_1,healthy,donor_5,1291
cell_01646,B_cell,batch_2,disease,donor_3,1212
cell_01647,B_cell,batch_0,healthy,donor_2,1143
cell_01648,B_cell,batch_0,healthy,donor_3,1503
cell_01649,B_cell,batch_0,disease,donor_0,1287
cell_01650,B_cell,batch_2,healthy,donor_4,1291
cell_01651,B_cell,batch_2,healthy,donor_3,1490
cell_01652,B_cell,batch_1,disease,donor_1,1190
cell_01653,B_cell,batch_1,disease,donor_5,1412
cell_01654,B_cell,batch_2,disease,donor_0,1398
cell_01655,B_cell,batch_0,disease,donor_1,1434
cell_01656,B_cell,batch_0,healthy,donor_0,1421
cell_01657,B_cell,batch_0,healthy,donor_4,1396
cell_01658,B_cell,batch_2,disease,donor_5,1237
cell_01659,B_cell,batch_2,disease,donor_5,1454
cell_01660,B_cell,batch_2,disease,donor_5,1293
cell_01661,B_cell,batch_1,healthy,donor_0,1240
cell_01662,B_cell,batch_0,disease,donor_5,1357
cell_01663,B_cell,batch_2,disease,donor_2,1502
cell_01664,B_cell,batch_1,healthy,donor_5,1301
cell_01665,B_cell,batch_0,healthy,donor_5,1213
cell_01666,B_cell,batch_1,healthy,donor_0,1218
cell_01667,B_cell,batch_2,disease,donor_0,1385
cell_01668,B_cell,batch_2,disease,donor_0,1440
cell_01669,B_cell,batch_2,healthy,donor_5,1415
cell_01670,B_cell,batch_1,disease,donor_2,1276
cell_01671,B_cell,batch_2,healthy,donor_1,1299
cell_01672,B_cell,batch_2,disease,donor_2,1309
cell_01673,B_cell,batch_0,disease,donor_5,1188
cell_01674,B_cell,batch_0,disease,donor_3,1433
cell_01675,B_cell,batch_0,healthy,donor_5,1199
cell_01676,B_cell,batch_0,disease,donor_0,1332
cell_01677,B_cell,batch_2,healthy,donor_4,1068
cell_01678,B_cell,batch_1,disease,donor_4,1248
cell_01679,B_cell,batch_0,healthy,donor_4,1117
cell_01680,B_cell,batch_2,disease,donor_0,1204
cell_01681,B_cell,batch_0,healthy,donor_5,1185
cell_01682,B_cell,batch_0,healthy,donor_2,1278
cell_01683,B_cell,batch_1,healthy,donor_2,1259
cell_01684,B_cell,batch_0,disease,donor_0,1231
cell_01685,B_cell,batch_0,disease,donor_5,1307
cell_01686,B_cell,batch_2,disease,donor_1,1466
cell_01687,B_cell,batch_2,disease,donor_4,1266
cell_01688,B_cell,batch_0,disease,donor_3,1134
cell_01689,B_cell,batch_2,healthy,donor_3,1281
cell_01690,B_cell,batch_1,healthy,donor_2,1232
cell_01691,B_cell,batch_1,healthy,donor_0,1430
cell_01692,B_cell,batch_0,healthy,donor_0,1318
cell_01693,B_cell,batch_2,disease,donor_3,1230
cell_01694,B_cell,batch_2,healthy,donor_2,1361
cell_01695,B_cell,batch_2,healthy,donor_3,1339
cell_01696,B_cell,batch_2,disease,donor_2,1137
cell_01697,B_cell,batch_0,disease,donor_2,1448
cell_01698,B_cell,batch_1,disease,donor_5,1216
cell_01699,B_cell,batch_2,disease,donor_5,1333
cell_01700,B_cell,batch_1,healthy,donor_2,1407
cell_01701,B_cell,batch_0,disease,donor_0,1203
cell_01702,B_cell,batch_1,healthy,donor_3,1389
cell_01703,B_cell,batch_1,healthy,donor_5,1252
cell_01704,B_cell,batch_0,disease,donor_0,1287
cell_01705,B_cell,batch_1,disease,donor_1,1238
cell_01706,B_cell,batch_0,healthy,donor_0,1406
cell_01707,B_cell,batch_2,healthy,donor_4,1381
cell_01708,B_cell,batch_1,disease,donor_1,1267
cell_01709,B_cell,batch_2,disease,donor_0,1360
cell_01710,B_cell,batch_1,healthy,donor_3,1462
cell_01711,B_cell,batch_0,healthy,donor_4,1269
cell_01712,B_cell,batch_0,healthy,donor_3,1280
cell_01713,B_cell,batch_2,healthy,donor_0,1248
cell_01714,B_cell,batch_1,healthy,donor_3,1411
cell_01715,B_cell,batch_1,healthy,donor_3,1115
cell_01716,B_cell,batch_0,disease,donor_5,1305
cell_01717,B_cell,batch_1,healthy,donor_4,1322
cell_01718,B_cell,batch_1,healthy,donor_5,1260
cell_01719,B_cell,batch_0,disease,donor_0,1435
cell_01720,B_cell,batch_0,healthy,donor_4,1151
cell_01721,B_cell,batch_0,disease,donor_2,1268
cell_01722,B_cell,batch_1,healthy,donor_2,1377
cell_01723,B_cell,batch_0,disease,donor_0,1345
cell_01724,B_cell,batch_1,healthy,donor_3,1400
cell_01725,B_cell,batch_1,disease,donor_3,1279
cell_01726,B_cell,batch_1,healthy,donor_0,1480
cell_01727,B_cell,batch_1,healthy,donor_1,1463
cell_01728,B_cell,batch_1,healthy,donor_2,1287
cell_01729,B_cell,batch_0,disease,donor_4,1287
cell_01730,B_cell,batch_0,healthy,donor_0,1367
cell_01731,B_cell,batch_0,healthy,donor_4,1357
cell_01732,B_cell,batch_2,healthy,donor_2,1280
cell_01733,B_cell,batch_0,healthy,donor_2,1280
cell_01734,B_cell,batch_0,healthy,donor_1,1351
cell_01735,B_cell,batch_0,disease,donor_3,1310
cell_01736,B_cell,batch_0,healthy,donor_3,1408
cell_01737,B_cell,batch_2,disease,donor_2,1325
cell_01738,B_cell,batch_0,disease,donor_1,1384
cell_01739,B_cell,batch_0,disease,donor_0,1365
cell_01740,B_cell,batch_1,disease,donor_4,1191
cell_01741,B_cell,batch_0,disease,donor_4,1316
cell_01742,B_cell,batch_1,disease,donor_0,1259
cell_01743,B_cell,batch_1,healthy,donor_1,1241
cell_01744,B_cell,batch_0,healthy,donor_0,1408
cell_01745,B_cell,batch_0,disease,donor_4,1238
cell_01746,B_cell,batch_2,healthy,donor_4,1329
cell_01747,B_cell,batch_1,healthy,donor_2,1381
cell_01748,B_cell,batch_1,healthy,donor_1,1301
cell_01749,B_cell,batch_2,healthy,donor_5,1503
cell_01750,B_cell,batch_0,disease,donor_2,1291
cell_01751,B_cell,batch_0,disease,donor_0,1252
cell_01752,B_cell,batch_2,disease,donor_1,1376
cell_01753,B_cell,batch_1,healthy,donor_1,1386
cell_01754,B_cell,batch_0,disease,donor_4,1149
cell_01755,B_cell,batch_0,healthy,donor_4,1365
cell_01756,B_cell,batch_1,healthy,donor_0,1454
cell_01757,B_cell,batch_0,disease,donor_3,1212
cell_01758,B_cell,batch_0,healthy,donor_3,1420
cell_01759,B_cell,batch_2,healthy,donor_2,1327
cell_01760,B_cell,batch_0,healthy,donor_5,1266
cell_01761,B_cell,batch_1,healthy,donor_3,1327
cell_01762,B_cell,batch_1,healthy,donor_4,1347
cell_01763,B_cell,batch_0,healthy,donor_5,1191
cell_01764,B_cell,batch_1,healthy,donor_1,1300
cell_01765,B_cell,batch_1,disease,donor_5,1228
cell_01766,B_cell,batch_0,healthy,donor_3,1308
cell_01767,B_cell,batch_0,disease,donor_1,1263
cell_01768,B_cell,batch_2,disease,donor_5,1365
cell_01769,B_cell,batch_1,healthy,donor_3,1264
cell_01770,B_cell,batch_1,healthy,donor_4,1263
cell_01771,B_cell,batch_0,healthy,donor_3,1205
cell_01772,B_cell,batch_2,disease,donor_1,1297
cell_01773,B_cell,batch_0,healthy,donor_5,1378
cell_01774,B_cell,batch_1,healthy,donor_3,1190
cell_01775,B_cell,batch_2,healthy,donor_1,1306
cell_01776,B_cell,batch_2,disease,donor_2,1239
cell_01777,B_cell,batch_2,healthy,donor_4,1169
cell_01778,B_cell,batch_2,disease,donor_3,1365
cell_01779,B_cell,batch_2,disease,donor_4,1215
cell_01780,B_cell,batch_0,healthy,donor_3,1297
cell_01781,B_cell,batch_1,healthy,donor_3,1300
cell_01782,B_cell,batch_0,healthy,donor_4,1181
cell_01783,B_cell,batch_1,disease,donor_4,1168
cell_01784,B_cell,batch_0,healthy,donor_0,1260
cell_01785,B_cell,batch_1,healthy,donor_1,1302
cell_01786,B_cell,batch_0,disease,donor_3,1275
cell_01787,B_cell,batch_1,disease,donor_1,1303
cell_01788,B_cell,batch_0,healthy,donor_5,1287
cell_01789,B_cell,batch_1,healthy,donor_3,1412
cell_01790,B_cell,batch_2,disease,donor_4,1337
cell_01791,B_cell,batch_0,healthy,donor_1,1226
cell_01792,B_cell,batch_1,disease,donor_4,1050
cell_01793,B_cell,batch_2,disease,donor_1,1261
cell_01794,B_cell,batch_0,disease,donor_1,1173
cell_01795,B_cell,batch_1,healthy,donor_3,1348
cell_01796,B_cell,batch_0,healthy,donor_0,1280
cell_01797,B_cell,batch_2,healthy,donor_4,1254
cell_01798,B_cell,batch_1,disease,donor_3,1308
cell_01799,B_cell,batch_2,healthy,donor_2,1350
cell_01800,B_cell,batch_0,healthy,donor_2,1298
cell_01801,B_cell,batch_2,healthy,donor_5,1370
cell_01802,B_cell,batch_2,disease,donor_2,1280
cell_01803,B_cell,batch_2,healthy,donor_2,1424
cell_01804,B_cell,batch_2,healthy,donor_4,1198
cell_01805,B_cell,batch_1,healthy,donor_5,1401
cell_01806,B_cell,batch_0,healthy,donor_1,1341
cell_01807,B_cell,batch_1,healthy,donor_5,1445
cell_01808,B_cell,batch_2,disease,donor_4,1278
cell_01809,B_cell,batch_0,healthy,donor_3,1406
cell_01810,B_cell,batch_2,healthy,donor_5,1371
cell_01811,B_cell,batch_2,disease,donor_5,1201
cell_01812,B_cell,batch_0,healthy,donor_0,1256
cell_01813,B_cell,batch_1,disease,donor_2,1229
cell_01814,B_cell,batch_1,disease,donor_3,1286
cell_01815,B_cell,batch_1,healthy,donor_4,1293
cell_01816,B_cell,batch_0,healthy,donor_2,1251
cell_01817,B_cell,batch_1,disease,donor_4,1456
cell_01818,B_cell,batch_0,healthy,donor_1,1501
cell_01819,B_cell,batch_0,disease,donor_5,1255
cell_01820,B_cell,batch_2,healthy,donor_5,1262
cell_01821,B_cell,batch_0,healthy,donor_1,1404
cell_01822,B_cell,batch_1,disease,donor_4,1238
cell_01823,B_cell,batch_0,disease,donor_1,1290
cell_01824,B_cell,batch_0,healthy,donor_3,1274
cell_01825,B_cell,batch_1,disease,donor_0,1222
cell_01826,B_cell,batch_2,healthy,donor_4,1273
cell_01827,B_cell,batch_0,healthy,donor_2,1329
cell_01828,B_cell,batch_1,healthy,donor_5,1279
cell_01829,B_cell,batch_0,healthy,donor_2,1409
cell_01830,B_cell,batch_1,healthy,donor_4,1239
cell_01831,B_cell,batch_1,healthy,donor_2,1345
cell_01832,B_cell,batch_2,healthy,donor_0,1335
cell_01833,B_cell,batch_0,disease,donor_4,1414
cell_01834,B_cell,batch_0,healthy,donor_1,1190
cell_01835,B_cell,batch_0,healthy,donor_2,1414
cell_01836,B_cell,batch_2,disease,donor_0,1427
cell_01837,B_cell,batch_2,disease,donor_3,1291
cell_01838,B_cell,batch_2,healthy,donor_5,1312
cell_01839,B_cell,batch_2,healthy,donor_3,1253
cell_01840,B_cell,batch_0,healthy,donor_4,1225
cell_01841,B_cell,batch_0,healthy,donor_0,1334
cell_01842,B_cell,batch_0,disease,donor_0,1251
cell_01843,B_cell,batch_1,disease,donor_2,1307
cell_01844,B_cell,batch_2,disease,donor_4,1413
cell_01845,B_cell,batch_1,healthy,donor_1,1265
cell_01846,B_cell,batch_0,healthy,donor_4,1312
cell_01847,B_cell,batch_1,disease,donor_1,1446
cell_01848,B_cell,batch_1,healthy,donor_4,1212
cell_01849,B_cell,batch_2,disease,donor_3,1252
cell_01850,B_cell,batch_1,healthy,donor_2,1303
cell_01851,B_cell,batch_0,disease,donor_4,1452
cell_01852,B_cell,batch_1,healthy,donor_3,1170
cell_01853,B_cell,batch_2,healthy,donor_0,1377
cell_01854,B_cell,batch_0,healthy,donor_5,1364
cell_01855,B_cell,batch_0,healthy,donor_1,1173
cell_01856,B_cell,batch_1,healthy,donor_1,1298
cell_01857,B_cell,batch_1,healthy,donor_1,1313
cell_01858,B_cell,batch_0,disease,donor_4,1229
cell_01859,B_cell,batch_2,healthy,donor_2,1444
cell_01860,B_cell,batch_1,healthy,donor_2,1149
cell_01861,B_cell,batch_1,disease,donor_5,1262
cell_01862,B_cell,batch_2,healthy,donor_4,1283
cell_01863,B_cell,batch_1,disease,donor_4,1421
cell_01864,B_cell,batch_2,disease,donor_3,1279
cell_01865,B_cell,batch_0,disease,donor_5,1310
cell_01866,B_cell,batch_1,healthy,donor_2,1458
cell_01867,B_cell,batch_2,healthy,donor_5,1435
cell_01868,B_cell,batch_2,healthy,donor_5,1251
cell_01869,B_cell,batch_1,healthy,donor_3,1173
cell_01870,B_cell,batch_0,disease,donor_0,1246
cell_01871,B_cell,batch_1,healthy,donor_5,1194
cell_01872,B_cell,batch_2,healthy,donor_4,1386
cell_01873,B_cell,batch_2,disease,donor_3,1284
cell_01874,B_cell,batch_0,healthy,donor_5,1234
cell_01875,B_cell,batch_0,healthy,donor_3,1243
cell_01876,B_cell,batch_2,disease,donor_2,1308
cell_01877,B_cell,batch_2,disease,donor_2,1357
cell_01878,B_cell,batch_0,healthy,donor_3,1222
cell_01879,B_cell,batch_0,healthy,donor_1,1173
cell_01880,B_cell,batch_2,disease,donor_0,1372
cell_01881,B_cell,batch_0,disease,donor_5,1341
cell_01882,B_cell,batch_2,healthy,donor_5,1491
cell_01883,B_cell,batch_1,disease,donor_3,1460
cell_01884,B_cell,batch_2,healthy,donor_4,1228
cell_01885,B_cell,batch_0,healthy,donor_3,1323
cell_01886,B_cell,batch_1,healthy,donor_0,1351
cell_01887,B_cell,batch_2,disease,donor_5,1404
cell_01888,B_cell,batch_0,healthy,donor_4,1585
cell_01889,B_cell,batch_1,healthy,donor_0,1321
cell_01890,B_cell,batch_2,disease,donor_1,1309
cell_01891,B_cell,batch_1,healthy,donor_3,1386
cell_01892,B_cell,batch_1,disease,donor_3,1389
cell_01893,B_cell,batch_1,disease,donor_4,1298
cell_01894,B_cell,batch_1,healthy,donor_1,1450
cell_01895,B_cell,batch_0,healthy,donor_3,1234
cell_01896,B_cell,batch_0,disease,donor_2,1353
cell_01897,B_cell,batch_0,healthy,donor_2,1296
cell_01898,B_cell,batch_0,disease,donor_2,1215
cell_01899,B_cell,batch_0,healthy,donor_1,1295
cell_01900,B_cell,batch_0,disease,donor_1,1468
cell_01901,B_cell,batch_2,disease,donor_0,1248
cell_01902,B_cell,batch_2,healthy,donor_5,1372
cell_01903,B_cell,batch_0,disease,donor_3,1269
cell_01904,B_cell,batch_2,healthy,donor_5,1457
cell_01905,B_cell,batch_2,healthy,donor_3,1319
cell_01906,B_cell,batch_2,healthy,donor_3,1388
cell_01907,B_cell,batch_2,disease,donor_4,1357
cell_01908,B_cell,batch_0,disease,donor_5,1238
cell_01909,B_cell,batch_1,disease,donor_3,1145
cell_01910,B_cell,batch_0,healthy,donor_4,1205
cell_01911,B_cell,batch_2,disease,donor_4,1275
cell_01912,B_cell,batch_2,disease,donor_5,1294
cell_01913,B_cell,batch_2,healthy,donor_2,1433
cell_01914,B_cell,batch_2,healthy,donor_4,1405
cell_01915,B_cell,batch_1,disease,donor_0,1328
cell_01916,B_cell,batch_0,disease,donor_5,1326
cell_01917,B_cell,batch_0,healthy,donor_1,1463
cell_01918,B_cell,batch_1,healthy,donor_3,1292
cell_01919,B_cell,batch_1,disease,donor_4,1343
cell_01920,B_cell,batch_2,healthy,donor_1,1271
cell_01921,B_cell,batch_0,healthy,donor_1,1370
cell_01922,B_cell,batch_0,disease,donor_4,1305
cell_01923,B_cell,batch_0,healthy,donor_3,1272
cell_01924,B_cell,batch_0,disease,donor_2,1492
cell_01925,B_cell,batch_1,healthy,donor_2,1364
cell_01926,B_cell,batch_2,disease,donor_5,1504
cell_01927,B_cell,batch_2,disease,donor_0,1438
cell_01928,B_cell,batch_2,disease,donor_4,1257
cell_01929,B_cell,batch_1,healthy,donor_3,1399
cell_01930,B_cell,batch_2,healthy,donor_5,1372
cell_01931,B_cell,batch_1,healthy,donor_3,1184
cell_01932,B_cell,batch_0,healthy,donor_5,1440
cell_01933,B_cell,batch_2,healthy,donor_1,1260
cell_01934,B_cell,batch_0,healthy,donor_5,1142
cell_01935,B_cell,batch_2,disease,donor_4,1342
cell_01936,B_cell,batch_0,healthy,donor_4,1344
cell_01937,B_cell,batch_0,disease,donor_5,1373
cell_01938,B_cell,batch_2,healthy,donor_5,1309
cell_01939,B_cell,batch_2,disease,donor_0,1276
cell_01940,B_cell,batch_0,healthy,donor_5,1245
cell_01941,B_cell,batch_2,disease,donor_2,1442
cell_01942,B_cell,batch_1,disease,donor_1,1322
cell_01943,B_cell,batch_1,healthy,donor_4,1383
cell_01944,B_cell,batch_1,disease,donor_1,1226
cell_01945,B_cell,batch_0,disease,donor_0,1314
cell_01946,B_cell,batch_1,disease,donor_4,1515
cell_01947,B_cell,batch_0,healthy,donor_2,1192
cell_01948,B_cell,batch_1,healthy,donor_2,1241
cell_01949,B_cell,batch_1,healthy,donor_1,1374
cell_01950,B_cell,batch_0,healthy,donor_0,1333
cell_01951,B_cell,batch_1,healthy,donor_1,1221
cell_01952,B_cell,batch_2,healthy,donor_1,1287
cell_01953,B_cell,batch_2,healthy,donor_2,1311
cell_01954,B_cell,batch_0,healthy,donor_5,1440
cell_01955,B_cell,batch_0,healthy,donor_2,1142
cell_01956,B_cell,batch_2,healthy,donor_3,1431
cell_01957,B_cell,batch_2,healthy,donor_2,1557
cell_01958,B_cell,batch_0,healthy,donor_1,1242
cell_01959,B_cell,batch_1,healthy,donor_5,1218
cell_01960,B_cell,batch_0,disease,donor_3,1257
cell_01961,B_cell,batch_0,disease,donor_5,1446
cell_01962,B_cell,batch_2,disease,donor_3,1238
cell_01963,B_cell,batch_0,healthy,donor_4,1308
cell_01964,B_cell,batch_2,disease,donor_3,1465
cell_01965,B_cell,batch_2,disease,donor_0,1611
cell_01966,B_cell,batch_0,healthy,donor_0,1236
cell_01967,B_cell,batch_0,disease,donor_5,1314
cell_01968,B_cell,batch_0,healthy,donor_3,1412
cell_01969,B_cell,batch_2,disease,donor_5,1317
cell_01970,B_cell,batch_1,healthy,donor_4,1318
cell_01971,B_cell,batch_2,disease,donor_2,1179
cell_01972,B_cell,batch_1,healthy,donor_4,1325
cell_01973,B_cell,batch_0,healthy,donor_5,1254
cell_01974,B_cell,batch_2,healthy,donor_5,1250
cell_01975,B_cell,batch_2,disease,donor_4,1491
cell_01976,B_cell,batch_1,disease,donor_5,1262
cell_01977,B_cell,batch_0,healthy,donor_3,1211
cell_01978,B_cell,batch_0,disease,donor_3,1520
cell_01979,B_cell,batch_0,disease,donor_4,1299
cell_01980,B_cell,batch_0,healthy,donor_5,1435
cell_01981,B_cell,batch_0,disease,donor_2,1196
cell_01982,B_cell,batch_1,healthy,donor_0,1159
cell_01983,B_cell,batch_1,healthy,donor_1,1400
cell_01984,B_cell,batch_1,disease,donor_3,1228
cell_01985,B_cell,batch_2,healthy,donor_5,1243
cell_01986,B_cell,batch_0,healthy,donor_4,1258
cell_01987,B_cell,batch_2,healthy,donor_0,1290
cell_01988,B_cell,batch_0,healthy,donor_3,1314
cell_01989,B_cell,batch_0,healthy,donor_0,1199
cell_01990,B_cell,batch_2,healthy,donor_3,1321
cell_01991,B_cell,batch_0,healthy,donor_2,1357
cell_01992,B_cell,batch_2,healthy,donor_1,1450
cell_01993,B_cell,batch_1,disease,donor_5,1429
cell_01994,B_cell,batch_2,healthy,donor_4,1196
cell_01995,B_cell,batch_0,disease,donor_1,1328
cell_01996,B_cell,batch_2,disease,donor_4,1200
cell_01997,B_cell,batch_1,disease,donor_0,1178
cell_01998,B_cell,batch_2,healthy,donor_5,1341
cell_01999,B_cell,batch_2,healthy,donor_2,1229
cell_02000,B_cell,batch_2,healthy,donor_3,1267
cell_02001,B_cell,batch_0,healthy,donor_4,1172
cell_02002,B_cell,batch_1,healthy,donor_0,1418
cell_02003,B_cell,batch_1,healthy,donor_3,1455
cell_02004,B_cell,batch_2,healthy,donor_0,1286
cell_02005,B_cell,batch_2,disease,donor_4,1391
cell_02006,B_cell,batch_1,disease,donor_4,1288
cell_02007,B_cell,batch_0,disease,donor_5,1306
cell_02008,B_cell,batch_1,healthy,donor_5,1343
cell_02009,B_cell,batch_1,healthy,donor_2,1396
cell_02010,B_cell,batch_0,disease,donor_2,1310
cell_02011,B_cell,batch_2,healthy,donor_1,1257
cell_02012,B_cell,batch_0,disease,donor_1,1370
cell_02013,B_cell,batch_2,healthy,donor_0,1377
cell_02014,B_cell,batch_2,healthy,donor_2,1240
cell_02015,B_cell,batch_0,disease,donor_2,1390
cell_02016,B_cell,batch_1,disease,donor_4,1428
cell_02017,B_cell,batch_1,disease,donor_2,1349
cell_02018,B_cell,batch_0,healthy,donor_2,1242
cell_02019,B_cell,batch_0,disease,donor_1,1102
cell_02020,B_cell,batch_2,healthy,donor_0,1534
cell_02021,B_cell,batch_2,healthy,donor_3,1396
cell_02022,B_cell,batch_2,healthy,donor_0,1345
cell_02023,B_cell,batch_0,healthy,donor_2,1376
cell_02024,B_cell,batch_0,healthy,donor_1,1416
cell_02025,B_cell,batch_1,disease,donor_5,1337
cell_02026,B_cell,batch_1,healthy,donor_2,1315
cell_02027,B_cell,batch_1,healthy,donor_3,1366
cell_02028,B_cell,batch_1,disease,donor_3,1352
cell_02029,B_cell,batch_0,disease,donor_4,1252
cell_02030,B_cell,batch_0,disease,donor_5,1266
cell_02031,B_cell,batch_0,disease,donor_5,1296
cell_02032,B_cell,batch_1,disease,donor_1,1283
cell_02033,B_cell,batch_2,disease,donor_2,1425
cell_02034,B_cell,batch_2,healthy,donor_4,1170
cell_02035,B_cell,batch_1,healthy,donor_3,1316
cell_02036,B_cell,batch_0,healthy,donor_1,1240
cell_02037,B_cell,batch_2,disease,donor_1,1368
cell_02038,B_cell,batch_1,disease,donor_4,1149
cell_02039,B_cell,batch_0,disease,donor_3,1466
cell_02040,B_cell,batch_0,healthy,donor_2,1313
cell_02041,B_cell,batch_1,healthy,donor_3,1379
cell_02042,B_cell,batch_2,healthy,donor_3,1308
cell_02043,B_cell,batch_0,healthy,donor_5,1353
cell_02044,B_cell,batch_0,disease,donor_2,1429
cell_02045,B_cell,batch_0,healthy,donor_0,1165
cell_02046,B_cell,batch_0,healthy,donor_1,1305
cell_02047,B_cell,batch_2,disease,donor_1,1447
cell_02048,B_cell,batch_1,healthy,donor_0,1256
cell_02049,B_cell,batch_1,healthy,donor_1,1305
cell_02050,B_cell,batch_2,disease,donor_5,1293
cell_02051,B_cell,batch_0,disease,donor_3,1277
cell_02052,B_cell,batch_2,healthy,donor_1,1305
cell_02053,B_cell,batch_1,healthy,donor_3,1291
cell_02054,B_cell,batch_0,healthy,donor_5,1254
cell_02055,B_cell,batch_1,healthy,donor_3,1369
cell_02056,B_cell,batch_0,disease,donor_4,1407
cell_02057,B_cell,batch_1,disease,donor_4,1400
cell_02058,B_cell,batch_0,disease,donor_0,1443
cell_02059,B_cell,batch_0,disease,donor_1,1356
cell_02060,B_cell,batch_0,healthy,donor_1,1382
cell_02061,B_cell,batch_0,healthy,donor_2,1501
cell_02062,B_cell,batch_2,healthy,donor_1,1323
cell_02063,B_cell,batch_0,disease,donor_0,1406
cell_02064,B_cell,batch_2,healthy,donor_2,1461
cell_02065,B_cell,batch_1,healthy,donor_2,1252
cell_02066,B_cell,batch_1,healthy,donor_2,1296
cell_02067,B_cell,batch_2,disease,donor_5,1383
cell_02068,B_cell,batch_2,disease,donor_5,1346
cell_02069,B_cell,batch_0,disease,donor_2,1337
cell_02070,B_cell,batch_1,healthy,donor_5,1420
cell_02071,B_cell,batch_2,healthy,donor_3,1440
cell_02072,B_cell,batch_2,healthy,donor_0,1243
cell_02073,B_cell,batch_0,healthy,donor_1,1418
cell_02074,B_cell,batch_2,disease,donor_3,1288
cell_02075,B_cell,batch_1,disease,donor_2,1275
cell_02076,B_cell,batch_0,disease,donor_3,1166
cell_02077,B_cell,batch_1,disease,donor_5,1479
cell_02078,B_cell,batch_0,disease,donor_4,1397
cell_02079,B_cell,batch_1,healthy,donor_2,1426
cell_02080,B_cell,batch_0,disease,donor_4,1328
cell_02081,B_cell,batch_2,healthy,donor_3,1340
cell_02082,B_cell,batch_1,disease,donor_3,1350
cell_02083,B_cell,batch_1,healthy,donor_4,1456
cell_02084,B_cell,batch_2,healthy,donor_5,1191
cell_02085,B_cell,batch_1,healthy,donor_1,1388
cell_02086,B_cell,batch_1,healthy,donor_5,1225
cell_02087,B_cell,batch_1,healthy,donor_1,1255
cell_02088,B_cell,batch_0,healthy,donor_2,1504
cell_02089,B_cell,batch_1,healthy,donor_2,1467
cell_02090,B_cell,batch_0,disease,donor_2,1323
cell_02091,B_cell,batch_0,disease,donor_3,1493
cell_02092,B_cell,batch_1,healthy,donor_1,1307
cell_02093,B_cell,batch_0,healthy,donor_4,1400
cell_02094,B_cell,batch_1,healthy,donor_3,1415
cell_02095,B_cell,batch_1,healthy,donor_5,1224
cell_02096,B_cell,batch_0,healthy,donor_2,1347
cell_02097,B_cell,batch_2,disease,donor_4,1432
cell_02098,B_cell,batch_1,healthy,donor_3,1476
cell_02099,B_cell,batch_1,healthy,donor_1,1465
cell_02100,B_cell,batch_0,healthy,donor_5,1421
cell_02101,B_cell,batch_2,healthy,donor_4,1359
cell_02102,B_cell,batch_0,healthy,donor_0,1257
cell_02103,B_cell,batch_1,disease,donor_1,1436
cell_02104,B_cell,batch_2,disease,donor_0,1318
cell_02105,B_cell,batch_2,healthy,donor_0,1273
cell_02106,B_cell,batch_2,healthy,donor_2,1302
cell_02107,B_cell,batch_2,healthy,donor_1,1313
cell_02108,B_cell,batch_2,disease,donor_2,1421
cell_02109,B_cell,batch_1,healthy,donor_0,1480
cell_02110,B_cell,batch_1,disease,donor_2,1379
cell_02111,B_cell,batch_1,healthy,donor_5,1414
cell_02112,B_cell,batch_0,healthy,donor_0,1308
cell_02113,B_cell,batch_2,disease,donor_1,1399
cell_02114,B_cell,batch_1,healthy,donor_2,1321
cell_02115,B_cell,batch_2,healthy,donor_5,1279
cell_02116,B_cell,batch_1,healthy,donor_5,1273
cell_02117,B_cell,batch_1,healthy,donor_5,1287
cell_02118,B_cell,batch_2,disease,donor_3,1342
cell_02119,B_cell,batch_1,disease,donor_5,1343
cell_02120,B_cell,batch_2,healthy,donor_0,1255
cell_02121,B_cell,batch_1,healthy,donor_5,1303
cell_02122,B_cell,batch_1,disease,donor_5,1177
cell_02123,B_cell,batch_0,healthy,donor_0,1329
cell_02124,B_cell,batch_1,healthy,donor_0,1263
cell_02125,B_cell,batch_0,healthy,donor_2,1262
cell_02126,B_cell,batch_1,healthy,donor_4,1229
cell_02127,B_cell,batch_1,healthy,donor_2,1265
cell_02128,B_cell,batch_0,disease,donor_5,1235
cell_02129,B_cell,batch_2,healthy,donor_2,1186
cell_02130,B_cell,batch_0,disease,donor_0,1421
cell_02131,B_cell,batch_2,disease,donor_2,1354
cell_02132,B_cell,batch_0,disease,donor_5,1451
cell_02133,B_cell,batch_0,disease,donor_2,1370
cell_02134,B_cell,batch_0,healthy,donor_1,1420
cell_02135,B_cell,batch_2,disease,donor_3,1375
cell_02136,B_cell,batch_0,disease,donor_5,1322
cell_02137,B_cell,batch_1,disease,donor_2,1399
cell_02138,B_cell,batch_0,healthy,donor_5,1282
cell_02139,B_cell,batch_2,disease,donor_4,1137
cell_02140,B_cell,batch_2,healthy,donor_0,1170
cell_02141,B_cell,batch_2,healthy,donor_2,1275
cell_02142,B_cell,batch_2,healthy,donor_5,1390
cell_02143,B_cell,batch_1,healthy,donor_1,1219
cell_02144,B_cell,batch_2,disease,donor_5,1231
cell_02145,B_cell,batch_1,healthy,donor_3,1181
cell_02146,B_cell,batch_1,disease,donor_4,1238
cell_02147,B_cell,batch_2,disease,donor_2,1388
cell_02148,B_cell,batch_1,healthy,donor_5,1299
cell_02149,B_cell,batch_0,healthy,donor_2,1381
cell_02150,B_cell,batch_0,healthy,donor_3,1250
cell_02151,B_cell,batch_2,disease,donor_2,1251
cell_02152,B_cell,batch_2,disease,donor_1,1448
cell_02153,B_cell,batch_0,disease,donor_2,1129
cell_02154,B_cell,batch_2,healthy,donor_5,1286
cell_02155,B_cell,batch_2,disease,donor_5,1284
cell_02156,B_cell,batch_2,healthy,donor_4,1357
cell_02157,B_cell,batch_1,disease,donor_5,1402
cell_02158,B_cell,batch_2,healthy,donor_0,1492
cell_02159,B_cell,batch_0,healthy,donor_3,1410
cell_02160,B_cell,batch_0,healthy,donor_2,1336
cell_02161,B_cell,batch_1,healthy,donor_5,1268
cell_02162,B_cell,batch_1,disease,donor_4,1192
cell_02163,B_cell,batch_2,disease,donor_1,1195
cell_02164,B_cell,batch_1,disease,donor_0,1166
cell_02165,B_cell,batch_2,healthy,donor_2,1350
cell_02166,B_cell,batch_1,disease,donor_4,1383
cell_02167,B_cell,batch_2,disease,donor_1,1273
cell_02168,B_cell,batch_2,disease,donor_2,1487
cell_02169,B_cell,batch_1,healthy,donor_1,1309
cell_02170,B_cell,batch_2,disease,donor_2,1352
cell_02171,B_cell,batch_1,healthy,donor_5,1514
cell_02172,B_cell,batch_1,healthy,donor_1,1461
cell_02173,B_cell,batch_2,healthy,donor_4,1289
cell_02174,B_cell,batch_0,disease,donor_2,1218
cell_02175,B_cell,batch_2,healthy,donor_2,1399
cell_02176,B_cell,batch_2,disease,donor_3,1353
cell_02177,B_cell,batch_1,disease,donor_4,1314
cell_02178,B_cell,batch_0,disease,donor_1,1317
cell_02179,B_cell,batch_2,healthy,donor_1,1396
cell_02180,B_cell,batch_2,disease,donor_3,1284
cell_02181,B_cell,batch_2,healthy,donor_5,1216
cell_02182,B_cell,batch_0,healthy,donor_4,1488
cell_02183,B_cell,batch_1,healthy,donor_2,1187
cell_02184,B_cell,batch_1,disease,donor_1,1329
cell_02185,B_cell,batch_0,healthy,donor_2,1522
cell_02186,B_cell,batch_0,healthy,donor_2,1328
cell_02187,B_cell,batch_1,disease,donor_0,1239
cell_02188,B_cell,batch_2,healthy,donor_3,1265
cell_02189,B_cell,batch_0,disease,donor_5,1314
cell_02190,B_cell,batch_1,disease,donor_2,1355
cell_02191,B_cell,batch_1,healthy,donor_4,1475
cell_02192,B_cell,batch_0,healthy,donor_4,1256
cell_02193,B_cell,batch_1,healthy,donor_2,1246
cell_02194,B_cell,batch_1,healthy,donor_0,1395
cell_02195,B_cell,batch_2,healthy,donor_4,1347
cell_02196,B_cell,batch_0,disease,donor_5,1370
cell_02197,B_cell,batch_0,healthy,donor_5,1237
cell_02198,B_cell,batch_2,healthy,donor_3,1393
cell_02199,B_cell,batch_1,healthy,donor_5,1271
cell_02200,B_cell,batch_0,healthy,donor_4,1354
cell_02201,B_cell,batch_1,healthy,donor_2,1337
cell_02202,B_cell,batch_1,healthy,donor_4,1129
cell_02203,B_cell,batch_1,disease,donor_5,1475
cell_02204,B_cell,batch_2,healthy,donor_4,1361
cell_02205,B_cell,batch_1,disease,donor_2,1247
cell_02206,B_cell,batch_2,healthy,donor_5,1234
cell_02207,B_cell,batch_0,disease,donor_3,1176
cell_02208,B_cell,batch_2,disease,donor_5,1356
cell_02209,B_cell,batch_1,disease,donor_0,1410
cell_02210,B_cell,batch_2,disease,donor_0,1233
cell_02211,B_cell,batch_2,disease,donor_3,1212
cell_02212,B_cell,batch_2,disease,donor_5,1261
cell_02213,B_cell,batch_0,disease,donor_0,1435
cell_02214,B_cell,batch_2,disease,donor_0,1373
cell_02215,B_cell,batch_1,disease,donor_2,1279
cell_02216,B_cell,batch_2,healthy,donor_1,1416
cell_02217,B_cell,batch_2,disease,donor_5,1390
cell_02218,B_cell,batch_2,healthy,donor_2,1204
cell_02219,B_cell,batch_1,disease,donor_0,1327
cell_02220,B_cell,batch_0,healthy,donor_2,1178
cell_02221,B_cell,batch_0,disease,donor_3,1376
cell_02222,B_cell,batch_2,disease,donor_4,1319
cell_02223,B_cell,batch_2,healthy,donor_4,1191
cell_02224,B_cell,batch_1,disease,donor_5,1320
cell_02225,B_cell,batch_1,healthy,donor_4,1351
cell_02226,B_cell,batch_2,healthy,donor_4,1021
cell_02227,B_cell,batch_2,healthy,donor_4,1169
cell_02228,B_cell,batch_2,healthy,donor_3,1473
cell_02229,B_cell,batch_2,disease,donor_0,1462
cell_02230,B_cell,batch_0,healthy,donor_1,1272
cell_02231,B_cell,batch_2,disease,donor_4,1281
cell_02232,B_cell,batch_1,healthy,donor_3,1201
cell_02233,B_cell,batch_2,healthy,donor_1,1212
cell_02234,B_cell,batch_0,healthy,donor_2,1253
cell_02235,B_cell,batch_0,disease,donor_1,1302
cell_02236,B_cell,batch_0,healthy,donor_4,1288
cell_02237,B_cell,batch_1,disease,donor_3,1375
cell_02238,B_cell,batch_2,disease,donor_1,1392
cell_02239,B_cell,batch_2,healthy,donor_3,1409
cell_02240,B_cell,batch_2,healthy,donor_0,1282
cell_02241,B_cell,batch_2,healthy,donor_3,1281
cell_02242,B_cell,batch_1,disease,donor_5,1378
cell_02243,B_cell,batch_2,healthy,donor_2,1309
cell_02244,B_cell,batch_1,healthy,donor_5,1295
cell_02245,B_cell,batch_0,disease,donor_2,1416
cell_02246,B_cell,batch_1,disease,donor_4,1135
cell_02247,B_cell,batch_1,healthy,donor_1,1337
cell_02248,B_cell,batch_0,healthy,donor_3,1316
cell_02249,B_cell,batch_2,healthy,donor_1,1355
cell_02250,B_cell,batch_1,healthy,donor_0,1366
cell_02251,B_cell,batch_0,healthy,donor_5,1337
cell_02252,B_cell,batch_0,healthy,donor_4,1352
cell_02253,B_cell,batch_1,disease,donor_0,1388
cell_02254,B_cell,batch_0,disease,donor_5,1176
cell_02255,B_cell,batch_0,healthy,donor_5,1366
cell_02256,B_cell,batch_0,healthy,donor_1,1417
cell_02257,B_cell,batch_0,healthy,donor_3,1531
cell_02258,B_cell,batch_1,healthy,donor_0,1156
cell_02259,B_cell,batch_1,healthy,donor_2,1271
cell_02260,B_cell,batch_0,disease,donor_4,1141
cell_02261,B_cell,batch_0,healthy,donor_4,1072
cell_02262,B_cell,batch_0,healthy,donor_2,1274
cell_02263,B_cell,batch_2,healthy,donor_1,1320
cell_02264,B_cell,batch_2,disease,donor_2,1248
cell_02265,B_cell,batch_2,healthy,donor_0,1152
cell_02266,B_cell,batch_0,disease,donor_2,1313
cell_02267,B_cell,batch_1,healthy,donor_3,1250
cell_02268,B_cell,batch_2,healthy,donor_3,1315
cell_02269,B_cell,batch_1,healthy,donor_5,1512
cell_02270,B_cell,batch_2,disease,donor_1,1291
cell_02271,B_cell,batch_0,healthy,donor_2,1192
cell_02272,B_cell,batch_1,disease,donor_0,1279
cell_02273,B_cell,batch_2,disease,donor_0,1320
cell_02274,B_cell,batch_1,healthy,donor_1,1316
cell_02275,B_cell,batch_2,healthy,donor_4,1368
cell_02276,B_cell,batch_2,disease,donor_2,1459
cell_02277,B_cell,batch_0,healthy,donor_2,1300
cell_02278,B_cell,batch_1,disease,donor_2,1367
cell_02279,B_cell,batch_1,disease,donor_3,1262
cell_02280,B_cell,batch_0,disease,donor_0,1254
cell_02281,B_cell,batch_1,healthy,donor_2,1433
cell_02282,B_cell,batch_0,healthy,donor_0,1280
cell_02283,B_cell,batch_0,healthy,donor_4,1289
cell_02284,B_cell,batch_0,healthy,donor_0,1461
cell_02285,B_cell,batch_2,healthy,donor_2,1189
cell_02286,B_cell,batch_2,healthy,donor_3,1108
cell_02287,B_cell,batch_1,disease,donor_5,1479
cell_02288,B_cell,batch_2,healthy,donor_1,1390
cell_02289,B_cell,batch_1,healthy,donor_5,1375
cell_02290,B_cell,batch_0,disease,donor_5,1330
cell_02291,B_cell,batch_0,disease,donor_3,1270
cell_02292,B_cell,batch_1,healthy,donor_3,1277
cell_02293,B_cell,batch_2,healthy,donor_5,1159
cell_02294,B_cell,batch_2,disease,donor_3,1400
cell_02295,B_cell,batch_1,disease,donor_2,1402
cell_02296,B_cell,batch_2,healthy,donor_5,1275
cell_02297,B_cell,batch_0,healthy,donor_2,1299
cell_02298,B_cell,batch_1,healthy,donor_2,1315
cell_02299,B_cell,batch_0,disease,donor_5,1200
cell_02300,B_cell,batch_2,disease,donor_1,1389
cell_02301,B_cell,batch_2,healthy,donor_0,1370
cell_02302,B_cell,batch_0,disease,donor_4,1227
cell_02303,B_cell,batch_1,healthy,donor_3,1316
cell_02304,B_cell,batch_0,disease,donor_3,1200
cell_02305,B_cell,batch_0,healthy,donor_4,1080
cell_02306,B_cell,batch_0,disease,donor_0,1357
cell_02307,B_cell,batch_0,disease,donor_5,1420
cell_02308,B_cell,batch_1,healthy,donor_4,1297
cell_02309,B_cell,batch_1,disease,donor_4,1223
cell_02310,B_cell,batch_1,healthy,donor_5,1369
cell_02311,B_cell,batch_2,disease,donor_5,1332
cell_02312,B_cell,batch_2,disease,donor_3,1326
cell_02313,B_cell,batch_0,healthy,donor_5,1402
cell_02314,B_cell,batch_1,disease,donor_2,1428
cell_02315,B_cell,batch_1,healthy,donor_2,1375
cell_02316,B_cell,batch_1,healthy,donor_3,1579
cell_02317,B_cell,batch_1,healthy,donor_4,1408
cell_02318,B_cell,batch_1,disease,donor_5,1224
cell_02319,B_cell,batch_0,disease,donor_0,1172
cell_02320,B_cell,batch_0,healthy,donor_1,1348
cell_02321,B_cell,batch_1,healthy,donor_5,1505
cell_02322,B_cell,batch_0,healthy,donor_3,1359
cell_02323,B_cell,batch_1,healthy,donor_4,1263
cell_02324,B_cell,batch_2,disease,donor_5,1167
cell_02325,B_cell,batch_0,disease,donor_3,1326
cell_02326,B_cell,batch_2,healthy,donor_5,1328
cell_02327,B_cell,batch_1,healthy,donor_2,1461
cell_02328,B_cell,batch_0,healthy,donor_3,1182
cell_02329,B_cell,batch_0,healthy,donor_5,1341
cell_02330,B_cell,batch_2,healthy,donor_2,1235
cell_02331,B_cell,batch_1,healthy,donor_2,1370
cell_02332,B_cell,batch_1,disease,donor_3,1142
cell_02333,B_cell,batch_2,healthy,donor_1,1238
cell_02334,B_cell,batch_0,healthy,donor_1,1403
cell_02335,B_cell,batch_1,healthy,donor_1,1226
cell_02336,B_cell,batch_2,healthy,donor_1,1373
cell_02337,B_cell,batch_0,disease,donor_2,1393
cell_02338,B_cell,batch_0,disease,donor_2,1265
cell_02339,B_cell,batch_1,disease,donor_1,1383
cell_02340,B_cell,batch_0,disease,donor_2,1218
cell_02341,B_cell,batch_0,disease,donor_2,1227
cell_02342,B_cell,batch_0,healthy,donor_2,1543
cell_02343,B_cell,batch_2,healthy,donor_1,1232
cell_02344,B_cell,batch_1,healthy,donor_3,1441
cell_02345,B_cell,batch_0,healthy,donor_0,1303
cell_02346,B_cell,batch_2,disease,donor_2,1454
cell_02347,B_cell,batch_1,healthy,donor_5,1393
cell_02348,B_cell,batch_1,disease,donor_1,1314
cell_02349,B_cell,batch_1,disease,donor_0,1327
cell_02350,B_cell,batch_1,disease,donor_3,1511
cell_02351,B_cell,batch_1,healthy,donor_2,1258
cell_02352,B_cell,batch_0,healthy,donor_1,1308
cell_02353,B_cell,batch_1,healthy,donor_0,1431
cell_02354,B_cell,batch_0,healthy,donor_1,1412
cell_02355,B_cell,batch_0,disease,donor_3,1267
cell_02356,B_cell,batch_0,disease,donor_0,1236
cell_02357,B_cell,batch_2,disease,donor_3,1304
cell_02358,B_cell,batch_0,disease,donor_5,1393
cell_02359,B_cell,batch_0,disease,donor_1,1376
cell_02360,B_cell,batch_1,disease,donor_1,1241
cell_02361,B_cell,batch_1,healthy,donor_2,1336
cell_02362,B_cell,batch_2,disease,donor_4,1425
cell_02363,B_cell,batch_1,healthy,donor_4,1353
cell_02364,B_cell,batch_0,healthy,donor_1,1255
cell_02365,B_cell,batch_2,disease,donor_4,1229
cell_02366,B_cell,batch_0,healthy,donor_2,1373
cell_02367,B_cell,batch_2,healthy,donor_5,1306
cell_02368,B_cell,batch_0,disease,donor_0,1340
cell_02369,B_cell,batch_1,healthy,donor_5,1415
cell_02370,B_cell,batch_2,healthy,donor_5,1275
cell_02371,B_cell,batch_1,disease,donor_5,1374
cell_02372,B_cell,batch_0,disease,donor_1,1347
cell_02373,B_cell,batch_0,disease,donor_5,1090
cell_02374,B_cell,batch_0,disease,donor_3,1290
cell_02375,B_cell,batch_0,healthy,donor_5,1337
cell_02376,B_cell,batch_1,healthy,donor_0,1190
cell_02377,B_cell,batch_0,disease,donor_3,1114
cell_02378,B_cell,batch_0,disease,donor_2,1166
cell_02379,B_cell,batch_0,disease,donor_4,1310
cell_02380,B_cell,batch_2,healthy,donor_1,1357
cell_02381,B_cell,batch_0,disease,donor_4,1373
cell_02382,B_cell,batch_0,disease,donor_2,1251
cell_02383,B_cell,batch_2,healthy,donor_2,1322
cell_02384,B_cell,batch_1,disease,donor_3,1330
cell_02385,B_cell,batch_1,disease,donor_3,1182
cell_02386,B_cell,batch_1,disease,donor_1,1290
cell_02387,B_cell,batch_1,disease,donor_1,1315
cell_02388,B_cell,batch_2,disease,donor_5,1149
cell_02389,B_cell,batch_1,healthy,donor_3,1260
cell_02390,B_cell,batch_2,healthy,donor_2,1388
cell_02391,B_cell,batch_0,disease,donor_5,1555
cell_02392,B_cell,batch_1,healthy,donor_2,1270
cell_02393,B_cell,batch_0,healthy,donor_3,1242
cell_02394,B_cell,batch_1,healthy,donor_1,1395
cell_02395,B_cell,batch_0,healthy,donor_5,1439
cell_02396,B_cell,batch_2,healthy,donor_4,1260
cell_02397,B_cell,batch_0,healthy,donor_5,1308
cell_02398,B_cell,batch_1,disease,donor_3,1240
cell_02399,B_cell,batch_2,disease,donor_0,1395
cell_02400,B_cell,batch_0,healthy,donor_4,1193
cell_02401,B_cell,batch_2,healthy,donor_5,1195
cell_02402,B_cell,batch_2,disease,donor_0,1273
cell_02403,B_cell,batch_2,healthy,donor_2,1384
cell_02404,B_cell,batch_2,healthy,donor_4,1119
cell_02405,B_cell,batch_2,healthy,donor_3,1335
cell_02406,B_cell,batch_1,healthy,donor_4,1197
cell_02407,B_cell,batch_1,healthy,donor_4,1348
cell_02408,B_cell,batch_2,healthy,donor_5,1513
cell_02409,B_cell,batch_1,disease,donor_3,1262
cell_02410,B_cell,batch_2,healthy,donor_2,1223
cell_02411,B_cell,batch_2,healthy,donor_3,1214
cell_02412,B_cell,batch_1,healthy,donor_0,1254
cell_02413,B_cell,batch_1,disease,donor_2,1425
cell_02414,B_cell,batch_0,healthy,donor_0,1308
cell_02415,B_cell,batch_2,healthy,donor_3,1449
cell_02416,B_cell,batch_1,healthy,donor_4,1364
cell_02417,B_cell,batch_2,disease,donor_1,1233
cell_02418,B_cell,batch_0,healthy,donor_3,1334
cell_02419,B_cell,batch_2,healthy,donor_2,1192
cell_02420,B_cell,batch_0,disease,donor_5,1241
cell_02421,B_cell,batch_0,disease,donor_1,1341
cell_02422,B_cell,batch_1,disease,donor_2,1583
cell_02423,B_cell,batch_1,healthy,donor_0,1414
cell_02424,B_cell,batch_2,disease,donor_5,1342
cell_02425,B_cell,batch_2,disease,donor_4,1272
cell_02426,B_cell,batch_2,disease,donor_3,1269
cell_02427,B_cell,batch_2,disease,donor_5,1205
cell_02428,B_cell,batch_2,healthy,donor_4,1423
cell_02429,B_cell,batch_2,healthy,donor_2,1304
cell_02430,B_cell,batch_2,disease,donor_1,1330
cell_02431,B_cell,batch_0,disease,donor_4,1334
cell_02432,B_cell,batch_0,disease,donor_5,1421
cell_02433,B_cell,batch_1,disease,donor_0,1376
cell_02434,B_cell,batch_2,healthy,donor_5,1149
cell_02435,B_cell,batch_1,healthy,donor_1,1230
cell_02436,B_cell,batch_1,healthy,donor_4,1362
cell_02437,B_cell,batch_2,healthy,donor_0,1366
cell_02438,B_cell,batch_2,healthy,donor_1,1313
cell_02439,B_cell,batch_2,disease,donor_1,1213
cell_02440,B_cell,batch_2,healthy,donor_2,1400
cell_02441,B_cell,batch_0,disease,donor_1,1217
cell_02442,B_cell,batch_1,healthy,donor_3,1443
cell_02443,B_cell,batch_1,disease,donor_0,1238
cell_02444,B_cell,batch_2,healthy,donor_3,1125
cell_02445,B_cell,batch_0,healthy,donor_3,1392
cell_02446,B_cell,batch_1,healthy,donor_3,1431
cell_02447,B_cell,batch_0,disease,donor_2,1253
cell_02448,B_cell,batch_0,healthy,donor_2,1308
cell_02449,B_cell,batch_2,disease,donor_3,1404
cell_02450,B_cell,batch_2,healthy,donor_4,1354
cell_02451,B_cell,batch_0,healthy,donor_5,1368
cell_02452,B_cell,batch_1,disease,donor_5,1214
cell_02453,B_cell,batch_1,healthy,donor_2,1236
cell_02454,B_cell,batch_1,healthy,donor_3,1198
cell_02455,B_cell,batch_1,healthy,donor_5,1536
cell_02456,B_cell,batch_0,disease,donor_3,1380
cell_02457,B_cell,batch_0,disease,donor_3,1295
cell_02458,B_cell,batch_1,disease,donor_0,1355
cell_02459,B_cell,batch_1,healthy,donor_3,1291
cell_02460,B_cell,batch_2,healthy,donor_2,1423
cell_02461,B_cell,batch_2,disease,donor_0,1409
cell_02462,B_cell,batch_0,healthy,donor_5,1157
cell_02463,B_cell,batch_1,disease,donor_1,1442
cell_02464,B_cell,batch_0,disease,donor_4,1281
cell_02465,B_cell,batch_0,disease,donor_5,1466
cell_02466,B_cell,batch_0,disease,donor_3,1169
cell_02467,B_cell,batch_2,healthy,donor_2,1455
cell_02468,B_cell,batch_0,healthy,donor_0,1292
cell_02469,B_cell,batch_1,healthy,donor_3,1285
cell_02470,B_cell,batch_1,healthy,donor_0,1305
cell_02471,B_cell,batch_1,disease,donor_3,1070
cell_02472,B_cell,batch_2,healthy,donor_2,1207
cell_02473,B_cell,batch_2,healthy,donor_5,1291
cell_02474,B_cell,batch_0,disease,donor_2,1264
cell_02475,B_cell,batch_0,healthy,donor_5,1303
cell_02476,B_cell,batch_2,disease,donor_2,1423
cell_02477,B_cell,batch_1,healthy,donor_5,1558
cell_02478,B_cell,batch_0,disease,donor_4,1214
cell_02479,B_cell,batch_2,healthy,donor_0,1377
cell_02480,B_cell,batch_2,disease,donor_4,1425
cell_02481,B_cell,batch_1,disease,donor_5,1352
cell_02482,B_cell,batch_2,disease,donor_0,1529
cell_02483,B_cell,batch_2,healthy,donor_1,1414
cell_02484,B_cell,batch_0,healthy,donor_3,1053
cell_02485,B_cell,batch_0,healthy,donor_4,1375
cell_02486,B_cell,batch_1,healthy,donor_1,1238
cell_02487,B_cell,batch_2,healthy,donor_1,1354
cell_02488,B_cell,batch_2,healthy,donor_2,1304
cell_02489,B_cell,batch_0,healthy,donor_1,1279
cell_02490,B_cell,batch_1,healthy,donor_4,1398
cell_02491,B_cell,batch_2,healthy,donor_1,1247
cell_02492,B_cell,batch_2,healthy,donor_1,1237
cell_02493,B_cell,batch_2,disease,donor_2,1412
cell_02494,B_cell,batch_1,healthy,donor_4,1429
cell_02495,B_cell,batch_0,healthy,donor_5,1468
cell_02496,B_cell,batch_1,healthy,donor_2,1383
cell_02497,B_cell,batch_0,healthy,donor_5,1294
cell_02498,B_cell,batch_0,healthy,donor_5,1228
cell_02499,B_cell,batch_1,healthy,donor_4,1396
cell_02500,Monocyte,batch_1,disease,donor_0,1389
cell_02501,Monocyte,batch_0,healthy,donor_2,1470
cell_02502,Monocyte,batch_0,healthy,donor_2,1343
cell_02503,Monocyte,batch_2,disease,donor_1,1320
cell_02504,Monocyte,batch_2,disease,donor_5,1540
cell_02505,Monocyte,batch_0,healthy,donor_0,1288
cell_02506,Monocyte,batch_1,healthy,donor_2,1216
cell_02507,Monocyte,batch_0,healthy,donor_0,1339
cell_02508,Monocyte,batch_1,healthy,donor_2,1288
cell_02509,Monocyte,batch_2,healthy,donor_0,1421
cell_02510,Monocyte,batch_1,disease,donor_3,1288
cell_02511,Monocyte,batch_1,healthy,donor_0,1269
cell_02512,Monocyte,batch_1,disease,donor_4,1482
cell_02513,Monocyte,batch_0,disease,donor_5,1358
cell_02514,Monocyte,batch_0,disease,donor_0,1314
cell_02515,Monocyte,batch_2,healthy,donor_5,1424
cell_02516,Monocyte,batch_2,healthy,donor_2,1313
cell_02517,Monocyte,batch_1,healthy,donor_0,1301
cell_02518,Monocyte,batch_0,disease,donor_3,1322
cell_02519,Monocyte,batch_1,disease,donor_2,1406
cell_02520,Monocyte,batch_1,healthy,donor_1,1329
cell_02521,Monocyte,batch_1,healthy,donor_3,1549
cell_02522,Monocyte,batch_0,disease,donor_0,1256
cell_02523,Monocyte,batch_0,disease,donor_5,1425
cell_02524,Monocyte,batch_1,disease,donor_1,1373
cell_02525,Monocyte,batch_2,healthy,donor_3,1310
cell_02526,Monocyte,batch_2,disease,donor_3,1254
cell_02527,Monocyte,batch_2,healthy,donor_5,1410
cell_02528,Monocyte,batch_2,healthy,donor_4,1323
cell_02529,Monocyte,batch_1,healthy,donor_2,1408
cell_02530,Monocyte,batch_2,healthy,donor_5,1559
cell_02531,Monocyte,batch_2,healthy,donor_5,1237
cell_02532,Monocyte,batch_0,healthy,donor_2,1614
cell_02533,Monocyte,batch_2,disease,donor_5,1243
cell_02534,Monocyte,batch_2,healthy,donor_1,1380
cell_02535,Monocyte,batch_2,disease,donor_3,1092
cell_02536,Monocyte,batch_1,healthy,donor_1,1274
cell_02537,Monocyte,batch_2,healthy,donor_5,1233
cell_02538,Monocyte,batch_2,disease,donor_0,1503
cell_02539,Monocyte,batch_0,disease,donor_0,1159
cell_02540,Monocyte,batch_2,healthy,donor_0,1419
cell_02541,Monocyte,batch_0,disease,donor_4,1533
cell_02542,Monocyte,batch_1,healthy,donor_5,1220
cell_02543,Monocyte,batch_2,disease,donor_5,1357
cell_02544,Monocyte,batch_0,healthy,donor_3,1428
cell_02545,Monocyte,batch_1,disease,donor_5,1307
cell_02546,Monocyte,batch_1,disease,donor_1,1399
cell_02547,Monocyte,batch_1,disease,donor_5,1352
cell_02548,Monocyte,batch_1,disease,donor_5,1193
cell_02549,Monocyte,batch_1,healthy,donor_4,1353
cell_02550,Monocyte,batch_1,disease,donor_2,1343
cell_02551,Monocyte,batch_2,healthy,donor_5,1293
cell_02552,Monocyte,batch_1,disease,donor_2,1203
cell_02553,Monocyte,batch_2,disease,donor_0,1428
cell_02554,Monocyte,batch_0,disease,donor_1,1358
cell_02555,Monocyte,batch_0,healthy,donor_2,1364
cell_02556,Monocyte,batch_2,disease,donor_4,1331
cell_02557,Monocyte,batch_2,disease,donor_5,1224
cell_02558,Monocyte,batch_1,disease,donor_0,1177
cell_02559,Monocyte,batch_0,disease,donor_0,1187
cell_02560,Monocyte,batch_1,healthy,donor_1,1223
cell_02561,Monocyte,batch_0,healthy,donor_5,1416
cell_02562,Monocyte,batch_2,healthy,donor_2,1388
cell_02563,Monocyte,batch_2,healthy,donor_3,1359
cell_02564,Monocyte,batch_2,healthy,donor_5,1465
cell_02565,Monocyte,batch_1,healthy,donor_1,1275
cell_02566,Monocyte,batch_2,disease,donor_5,1364
cell_02567,Monocyte,batch_2,healthy,donor_2,1264
cell_02568,Monocyte,batch_2,healthy,donor_1,1300
cell_02569,Monocyte,batch_2,healthy,donor_4,1333
cell_02570,Monocyte,batch_1,healthy,donor_2,1185
cell_02571,Monocyte,batch_2,healthy,donor_1,1325
cell_02572,Monocyte,batch_1,healthy,donor_3,1342
cell_02573,Monocyte,batch_1,disease,donor_1,1204
cell_02574,Monocyte,batch_0,healthy,donor_4,1235
cell_02575,Monocyte,batch_2,healthy,donor_5,1333
cell_02576,Monocyte,batch_0,disease,donor_0,1239
cell_02577,Monocyte,batch_2,healthy,donor_2,1438
cell_02578,Monocyte,batch_0,disease,donor_2,1388
cell_02579,Monocyte,batch_2,healthy,donor_1,1329
cell_02580,Monocyte,batch_1,disease,donor_5,1298
cell_02581,Monocyte,batch_1,disease,donor_1,1290
cell_02582,Monocyte,batch_2,healthy,donor_3,1118
cell_02583,Monocyte,batch_0,disease,donor_4,1414
cell_02584,Monocyte,batch_0,healthy,donor_0,1253
cell_02585,Monocyte,batch_2,healthy,donor_2,1486
cell_02586,Monocyte,batch_0,healthy,donor_5,1292
cell_02587,Monocyte,batch_1,disease,donor_2,1321
cell_02588,Monocyte,batch_2,healthy,donor_3,1188
cell_02589,Monocyte,batch_0,healthy,donor_4,1283
cell_02590,Monocyte,batch_1,disease,donor_0,1188
cell_02591,Monocyte,batch_1,disease,donor_1,1321
cell_02592,Monocyte,batch_0,disease,donor_3,1351
cell_02593,Monocyte,batch_0,healthy,donor_3,1248
cell_02594,Monocyte,batch_0,healthy,donor_5,1300
cell_02595,Monocyte,batch_0,healthy,donor_0,1343
cell_02596,Monocyte,batch_0,healthy,donor_3,1109
cell_02597,Monocyte,batch_1,healthy,donor_1,1376
cell_02598,Monocyte,batch_0,healthy,donor_5,1291
cell_02599,Monocyte,batch_1,healthy,donor_1,1301
cell_02600,Monocyte,batch_1,healthy,donor_0,1357
cell_02601,Monocyte,batch_0,disease,donor_5,1326
cell_02602,Monocyte,batch_1,disease,donor_0,1287
cell_02603,Monocyte,batch_2,disease,donor_5,1419
cell_02604,Monocyte,batch_0,healthy,donor_2,1387
cell_02605,Monocyte,batch_0,healthy,donor_1,1257
cell_02606,Monocyte,batch_1,healthy,donor_3,1375
cell_02607,Monocyte,batch_1,disease,donor_1,1217
cell_02608,Monocyte,batch_2,healthy,donor_0,1267
cell_02609,Monocyte,batch_2,healthy,donor_0,1351
cell_02610,Monocyte,batch_2,healthy,donor_3,1261
cell_02611,Monocyte,batch_2,healthy,donor_4,1417
cell_02612,Monocyte,batch_0,disease,donor_5,1315
cell_02613,Monocyte,batch_1,disease,donor_2,1380
cell_02614,Monocyte,batch_2,healthy,donor_0,1343
cell_02615,Monocyte,batch_0,healthy,donor_4,1151
cell_02616,Monocyte,batch_1,healthy,donor_2,1484
cell_02617,Monocyte,batch_2,disease,donor_4,1190
cell_02618,Monocyte,batch_0,healthy,donor_4,1314
cell_02619,Monocyte,batch_2,healthy,donor_0,1268
cell_02620,Monocyte,batch_0,healthy,donor_0,1531
cell_02621,Monocyte,batch_1,disease,donor_1,1333
cell_02622,Monocyte,batch_2,healthy,donor_1,1386
cell_02623,Monocyte,batch_1,healthy,donor_5,1352
cell_02624,Monocyte,batch_0,disease,donor_0,1146
cell_02625,Monocyte,batch_1,disease,donor_5,1320
cell_02626,Monocyte,batch_1,healthy,donor_4,1292
cell_02627,Monocyte,batch_0,disease,donor_1,1213
cell_02628,Monocyte,batch_0,healthy,donor_0,1327
cell_02629,Monocyte,batch_1,healthy,donor_0,1289
cell_02630,Monocyte,batch_0,healthy,donor_3,1237
cell_02631,Monocyte,batch_2,disease,donor_2,1401
cell_02632,Monocyte,batch_2,healthy,donor_5,1350
cell_02633,Monocyte,batch_0,disease,donor_2,1278
cell_02634,Monocyte,batch_0,healthy,donor_3,1123
cell_02635,Monocyte,batch_1,healthy,donor_2,1157
cell_02636,Monocyte,batch_2,disease,donor_3,1298
cell_02637,Monocyte,batch_2,healthy,donor_5,1103
cell_02638,Monocyte,batch_0,healthy,donor_4,1209
cell_02639,Monocyte,batch_2,healthy,donor_4,1259
cell_02640,Monocyte,batch_0,disease,donor_4,1213
cell_02641,Monocyte,batch_2,healthy,donor_0,1459
cell_02642,Monocyte,batch_0,disease,donor_1,1256
cell_02643,Monocyte,batch_2,disease,donor_3,1545
cell_02644,Monocyte,batch_0,disease,donor_1,1320
cell_02645,Monocyte,batch_0,healthy,donor_3,1410
cell_02646,Monocyte,batch_0,healthy,donor_5,1208
cell_02647,Monocyte,batch_2,healthy,donor_0,1420
cell_02648,Monocyte,batch_0,healthy,donor_5,1288
cell_02649,Monocyte,batch_0,healthy,donor_5,1374
cell_02650,Monocyte,batch_1,healthy,donor_5,1285
cell_02651,Monocyte,batch_1,healthy,donor_2,1367
cell_02652,Monocyte,batch_0,healthy,donor_1,1420
cell_02653,Monocyte,batch_0,disease,donor_2,1328
cell_02654,Monocyte,batch_1,healthy,donor_5,1288
cell_02655,Monocyte,batch_1,disease,donor_4,1460
cell_02656,Monocyte,batch_2,healthy,donor_1,1345
cell_02657,Monocyte,batch_0,healthy,donor_5,1303
cell_02658,Monocyte,batch_2,healthy,donor_5,1288
cell_02659,Monocyte,batch_1,healthy,donor_4,1297
cell_02660,Monocyte,batch_0,healthy,donor_1,1349
cell_02661,Monocyte,batch_2,healthy,donor_2,1273
cell_02662,Monocyte,batch_1,healthy,donor_4,1372
cell_02663,Monocyte,batch_2,healthy,donor_2,1210
cell_02664,Monocyte,batch_0,healthy,donor_1,1508
cell_02665,Monocyte,batch_2,disease,donor_1,1243
cell_02666,Monocyte,batch_1,disease,donor_1,1341
cell_02667,Monocyte,batch_0,healthy,donor_5,1424
cell_02668,Monocyte,batch_0,healthy,donor_2,1211
cell_02669,Monocyte,batch_0,disease,donor_4,1262
cell_02670,Monocyte,batch_0,disease,donor_5,1363
cell_02671,Monocyte,batch_0,disease,donor_1,1254
cell_02672,Monocyte,batch_0,healthy,donor_3,1380
cell_02673,Monocyte,batch_2,healthy,donor_3,1226
cell_02674,Monocyte,batch_2,disease,donor_3,1306
cell_02675,Monocyte,batch_2,healthy,donor_1,1463
cell_02676,Monocyte,batch_2,disease,donor_4,1310
cell_02677,Monocyte,batch_1,healthy,donor_4,1268
cell_02678,Monocyte,batch_0,healthy,donor_4,1211
cell_02679,Monocyte,batch_0,healthy,donor_0,1261
cell_02680,Monocyte,batch_1,healthy,donor_4,1290
cell_02681,Monocyte,batch_1,disease,donor_2,1283
cell_02682,Monocyte,batch_0,disease,donor_4,1455
cell_02683,Monocyte,batch_1,healthy,donor_3,1343
cell_02684,Monocyte,batch_2,disease,donor_4,1278
cell_02685,Monocyte,batch_2,healthy,donor_2,1277
cell_02686,Monocyte,batch_0,disease,donor_3,1265
cell_02687,Monocyte,batch_0,healthy,donor_1,1199
cell_02688,Monocyte,batch_2,disease,donor_3,1338
cell_02689,Monocyte,batch_0,disease,donor_1,1311
cell_02690,Monocyte,batch_1,healthy,donor_0,1432
cell_02691,Monocyte,batch_1,healthy,donor_3,1331
cell_02692,Monocyte,batch_1,healthy,donor_5,1067
cell_02693,Monocyte,batch_2,healthy,donor_2,1225
cell_02694,Monocyte,batch_2,healthy,donor_0,1248
cell_02695,Monocyte,batch_1,healthy,donor_0,1282
cell_02696,Monocyte,batch_0,healthy,donor_4,1359
cell_02697,Monocyte,batch_1,healthy,donor_1,1488
cell_02698,Monocyte,batch_1,healthy,donor_1,1399
cell_02699,Monocyte,batch_0,disease,donor_2,1476
cell_02700,Monocyte,batch_1,disease,donor_3,1323
cell_02701,Monocyte,batch_0,healthy,donor_0,1281
cell_02702,Monocyte,batch_1,disease,donor_1,1266
cell_02703,Monocyte,batch_1,disease,donor_4,1504
cell_02704,Monocyte,batch_2,disease,donor_2,1324
cell_02705,Monocyte,batch_2,healthy,donor_4,1278
cell_02706,Monocyte,batch_0,healthy,donor_2,1186
cell_02707,Monocyte,batch_2,disease,donor_3,1241
cell_02708,Monocyte,batch_2,disease,donor_0,1344
cell_02709,Monocyte,batch_1,disease,donor_4,1419
cell_02710,Monocyte,batch_2,healthy,donor_4,1285
cell_02711,Monocyte,batch_1,healthy,donor_1,1226
cell_02712,Monocyte,batch_1,healthy,donor_1,1290
cell_02713,Monocyte,batch_0,healthy,donor_3,1331
cell_02714,Monocyte,batch_0,healthy,donor_5,1336
cell_02715,Monocyte,batch_0,disease,donor_1,1413
cell_02716,Monocyte,batch_0,healthy,donor_2,1223
cell_02717,Monocyte,batch_2,disease,donor_5,1509
cell_02718,Monocyte,batch_1,healthy,donor_5,1299
cell_02719,Monocyte,batch_1,disease,donor_1,1276
cell_02720,Monocyte,batch_1,disease,donor_4,1332
cell_02721,Monocyte,batch_2,healthy,donor_2,1291
cell_02722,Monocyte,batch_2,healthy,donor_1,1319
cell_02723,Monocyte,batch_0,healthy,donor_5,1259
cell_02724,Monocyte,batch_0,disease,donor_3,1234
cell_02725,Monocyte,batch_1,disease,donor_5,1379
cell_02726,Monocyte,batch_1,disease,donor_5,1276
cell_02727,Monocyte,batch_0,healthy,donor_1,1452
cell_02728,Monocyte,batch_1,disease,donor_0,1313
cell_02729,Monocyte,batch_2,healthy,donor_1,1224
cell_02730,Monocyte,batch_1,disease,donor_1,1257
cell_02731,Monocyte,batch_2,healthy,donor_3,1313
cell_02732,Monocyte,batch_1,disease,donor_0,1288
cell_02733,Monocyte,batch_2,healthy,donor_5,1379
cell_02734,Monocyte,batch_1,disease,donor_4,1275
cell_02735,Monocyte,batch_0,disease,donor_5,1218
cell_02736,Monocyte,batch_0,healthy,donor_0,1262
cell_02737,Monocyte,batch_0,healthy,donor_1,1290
cell_02738,Monocyte,batch_2,disease,donor_2,1203
cell_02739,Monocyte,batch_2,disease,donor_3,1447
cell_02740,Monocyte,batch_1,disease,donor_3,1405
cell_02741,Monocyte,batch_2,healthy,donor_4,1279
cell_02742,Monocyte,batch_1,disease,donor_4,1263
cell_02743,Monocyte,batch_0,disease,donor_3,1489
cell_02744,Monocyte,batch_0,healthy,donor_0,1326
cell_02745,Monocyte,batch_0,healthy,donor_2,1328
cell_02746,Monocyte,batch_2,disease,donor_3,1299
cell_02747,Monocyte,batch_0,healthy,donor_3,1340
cell_02748,Monocyte,batch_0,disease,donor_1,1287
cell_02749,Monocyte,batch_2,healthy,donor_4,1533
cell_02750,Monocyte,batch_2,disease,donor_5,1471
cell_02751,Monocyte,batch_0,healthy,donor_1,1393
cell_02752,Monocyte,batch_0,healthy,donor_2,1234
cell_02753,Monocyte,batch_0,disease,donor_5,1223
cell_02754,Monocyte,batch_0,healthy,donor_5,1311
cell_02755,Monocyte,batch_2,healthy,donor_5,1143
cell_02756,Monocyte,batch_0,disease,donor_0,1510
cell_02757,Monocyte,batch_0,healthy,donor_0,1237
cell_02758,Monocyte,batch_2,disease,donor_5,1233
cell_02759,Monocyte,batch_0,healthy,donor_0,1181
cell_02760,Monocyte,batch_1,disease,donor_5,1286
cell_02761,Monocyte,batch_2,healthy,donor_0,1244
cell_02762,Monocyte,batch_0,disease,donor_4,1450
cell_02763,Monocyte,batch_0,healthy,donor_1,1226
cell_02764,Monocyte,batch_0,disease,donor_5,1365
cell_02765,Monocyte,batch_0,disease,donor_3,1354
cell_02766,Monocyte,batch_1,healthy,donor_1,1382
cell_02767,Monocyte,batch_2,healthy,donor_2,1394
cell_02768,Monocyte,batch_0,healthy,donor_5,1296
cell_02769,Monocyte,batch_0,disease,donor_1,1127
cell_02770,Monocyte,batch_0,healthy,donor_4,1214
cell_02771,Monocyte,batch_1,disease,donor_5,1273
cell_02772,Monocyte,batch_2,disease,donor_5,1301
cell_02773,Monocyte,batch_1,healthy,donor_2,1200
cell_02774,Monocyte,batch_1,disease,donor_4,1341
cell_02775,Monocyte,batch_0,healthy,donor_3,1234
cell_02776,Monocyte,batch_0,disease,donor_2,1380
cell_02777,Monocyte,batch_2,healthy,donor_5,1222
cell_02778,Monocyte,batch_0,healthy,donor_1,1402
cell_02779,Monocyte,batch_2,healthy,donor_3,1315
cell_02780,Monocyte,batch_2,disease,donor_4,1318
cell_02781,Monocyte,batch_2,disease,donor_3,1325
cell_02782,Monocyte,batch_2,healthy,donor_2,1355
cell_02783,Monocyte,batch_1,healthy,donor_2,1334
cell_02784,Monocyte,batch_1,healthy,donor_2,1336
cell_02785,Monocyte,batch_0,disease,donor_2,1235
cell_02786,Monocyte,batch_1,healthy,donor_4,1455
cell_02787,Monocyte,batch_1,disease,donor_3,1380
cell_02788,Monocyte,batch_1,healthy,donor_4,1471
cell_02789,Monocyte,batch_0,healthy,donor_4,1410
cell_02790,Monocyte,batch_0,healthy,donor_2,1310
cell_02791,Monocyte,batch_1,healthy,donor_0,1199
cell_02792,Monocyte,batch_0,disease,donor_1,1353
cell_02793,Monocyte,batch_2,healthy,donor_3,1286
cell_02794,Monocyte,batch_2,disease,donor_5,1463
cell_02795,Monocyte,batch_1,healthy,donor_5,1468
cell_02796,Monocyte,batch_1,disease,donor_2,1293
cell_02797,Monocyte,batch_2,disease,donor_3,1413
cell_02798,Monocyte,batch_2,healthy,donor_2,1433
cell_02799,Monocyte,batch_2,healthy,donor_1,1529
cell_02800,Monocyte,batch_2,healthy,donor_1,1225
cell_02801,Monocyte,batch_1,healthy,donor_3,1442
cell_02802,Monocyte,batch_1,disease,donor_2,1238
cell_02803,Monocyte,batch_1,healthy,donor_5,1192
cell_02804,Monocyte,batch_0,healthy,donor_5,1336
cell_02805,Monocyte,batch_2,healthy,donor_2,1430
cell_02806,Monocyte,batch_1,disease,donor_2,1385
cell_02807,Monocyte,batch_0,healthy,donor_5,1218
cell_02808,Monocyte,batch_1,healthy,donor_5,1260
cell_02809,Monocyte,batch_0,disease,donor_3,1260
cell_02810,Monocyte,batch_2,healthy,donor_2,1390
cell_02811,Monocyte,batch_2,healthy,donor_2,1195
cell_02812,Monocyte,batch_2,healthy,donor_0,1344
cell_02813,Monocyte,batch_1,healthy,donor_4,1222
cell_02814,Monocyte,batch_2,healthy,donor_3,1206
cell_02815,Monocyte,batch_2,healthy,donor_3,1417
cell_02816,Monocyte,batch_1,disease,donor_5,1553
cell_02817,Monocyte,batch_0,healthy,donor_1,1171
cell_02818,Monocyte,batch_2,healthy,donor_3,1374
cell_02819,Monocyte,batch_1,disease,donor_4,1396
cell_02820,Monocyte,batch_2,healthy,donor_0,1282
cell_02821,Monocyte,batch_1,healthy,donor_4,1533
cell_02822,Monocyte,batch_1,disease,donor_1,1338
cell_02823,Monocyte,batch_0,disease,donor_5,1394
cell_02824,Monocyte,batch_0,healthy,donor_3,1278
cell_02825,Monocyte,batch_2,healthy,donor_1,1397
cell_02826,Monocyte,batch_0,healthy,donor_5,1295
cell_02827,Monocyte,batch_1,disease,donor_4,1149
cell_02828,Monocyte,batch_1,healthy,donor_1,1168
cell_02829,Monocyte,batch_1,healthy,donor_5,1297
cell_02830,Monocyte,batch_2,disease,donor_4,1324
cell_02831,Monocyte,batch_2,healthy,donor_2,1249
cell_02832,Monocyte,batch_2,healthy,donor_3,1437
cell_02833,Monocyte,batch_2,disease,donor_3,1349
cell_02834,Monocyte,batch_0,disease,donor_5,1345
cell_02835,Monocyte,batch_1,healthy,donor_1,1319
cell_02836,Monocyte,batch_1,healthy,donor_2,1381
cell_02837,Monocyte,batch_0,healthy,donor_1,1288
cell_02838,Monocyte,batch_1,disease,donor_5,1255
cell_02839,Monocyte,batch_0,healthy,donor_0,1417
cell_02840,Monocyte,batch_1,disease,donor_4,1341
cell_02841,Monocyte,batch_0,disease,donor_4,1313
cell_02842,Monocyte,batch_2,healthy,donor_3,1425
cell_02843,Monocyte,batch_1,healthy,donor_1,1321
cell_02844,Monocyte,batch_1,disease,donor_3,1362
cell_02845,Monocyte,batch_0,healthy,donor_5,1221
cell_02846,Monocyte,batch_2,healthy,donor_1,1432
cell_02847,Monocyte,batch_2,healthy,donor_0,1428
cell_02848,Monocyte,batch_0,healthy,donor_3,1359
cell_02849,Monocyte,batch_2,healthy,donor_2,1273
cell_02850,Monocyte,batch_0,healthy,donor_4,1235
cell_02851,Monocyte,batch_1,healthy,donor_5,1333
cell_02852,Monocyte,batch_0,disease,donor_1,1431
cell_02853,Monocyte,batch_1,healthy,donor_0,1348
cell_02854,Monocyte,batch_0,healthy,donor_1,1162
cell_02855,Monocyte,batch_0,healthy,donor_4,1218
cell_02856,Monocyte,batch_2,healthy,donor_3,1190
cell_02857,Monocyte,batch_0,disease,donor_1,1154
cell_02858,Monocyte,batch_2,disease,donor_3,1332
cell_02859,Monocyte,batch_2,healthy,donor_5,1368
cell_02860,Monocyte,batch_0,healthy,donor_2,1277
cell_02861,Monocyte,batch_1,healthy,donor_1,1476
cell_02862,Monocyte,batch_0,healthy,donor_4,1279
cell_02863,Monocyte,batch_1,healthy,donor_3,1427
cell_02864,Monocyte,batch_0,healthy,donor_0,1243
cell_02865,Monocyte,batch_0,healthy,donor_2,1321
cell_02866,Monocyte,batch_0,healthy,donor_0,1290
cell_02867,Monocyte,batch_2,healthy,donor_1,1444
cell_02868,Monocyte,batch_2,disease,donor_5,1457
cell_02869,Monocyte,batch_2,healthy,donor_3,1205
cell_02870,Monocyte,batch_1,disease,donor_3,1448
cell_02871,Monocyte,batch_1,disease,donor_4,1348
cell_02872,Monocyte,batch_1,disease,donor_3,1369
cell_02873,Monocyte,batch_2,healthy,donor_5,1481
cell_02874,Monocyte,batch_0,disease,donor_2,1169
cell_02875,Monocyte,batch_2,disease,donor_1,1347
cell_02876,Monocyte,batch_2,disease,donor_5,1543
cell_02877,Monocyte,batch_2,disease,donor_4,1356
cell_02878,Monocyte,batch_1,disease,donor_1,1387
cell_02879,Monocyte,batch_1,healthy,donor_4,1318
cell_02880,Monocyte,batch_1,healthy,donor_5,1297
cell_02881,Monocyte,batch_2,healthy,donor_4,1438
cell_02882,Monocyte,batch_2,disease,donor_0,1236
cell_02883,Monocyte,batch_0,healthy,donor_2,1294
cell_02884,Monocyte,batch_0,healthy,donor_2,1284
cell_02885,Monocyte,batch_1,disease,donor_3,1338
cell_02886,Monocyte,batch_1,disease,donor_3,1279
cell_02887,Monocyte,batch_1,healthy,donor_0,1131
cell_02888,Monocyte,batch_1,healthy,donor_0,1148
cell_02889,Monocyte,batch_2,healthy,donor_5,1354
cell_02890,Monocyte,batch_0,healthy,donor_3,1416
cell_02891,Monocyte,batch_2,healthy,donor_4,1260
cell_02892,Monocyte,batch_0,healthy,donor_2,1336
cell_02893,Monocyte,batch_2,healthy,donor_2,1387
cell_02894,Monocyte,batch_0,disease,donor_5,1430
cell_02895,Monocyte,batch_0,healthy,donor_4,1260
cell_02896,Monocyte,batch_0,disease,donor_1,1287
cell_02897,Monocyte,batch_2,healthy,donor_1,1477
cell_02898,Monocyte,batch_0,disease,donor_2,1364
cell_02899,Monocyte,batch_0,disease,donor_0,1186
cell_02900,Monocyte,batch_1,disease,donor_1,1275
cell_02901,Monocyte,batch_0,disease,donor_4,1320
cell_02902,Monocyte,batch_2,healthy,donor_4,1180
cell_02903,Monocyte,batch_1,disease,donor_1,1366
cell_02904,Monocyte,batch_0,disease,donor_2,1358
cell_02905,Monocyte,batch_1,healthy,donor_5,1279
cell_02906,Monocyte,batch_2,disease,donor_2,1273
cell_02907,Monocyte,batch_1,healthy,donor_5,1315
cell_02908,Monocyte,batch_0,disease,donor_4,1151
cell_02909,Monocyte,batch_0,healthy,donor_3,1303
cell_02910,Monocyte,batch_0,disease,donor_2,1312
cell_02911,Monocyte,batch_1,healthy,donor_4,1346
cell_02912,Monocyte,batch_2,disease,donor_3,1299
cell_02913,Monocyte,batch_2,healthy,donor_3,1270
cell_02914,Monocyte,batch_1,healthy,donor_2,1163
cell_02915,Monocyte,batch_1,healthy,donor_2,1033
cell_02916,Monocyte,batch_1,healthy,donor_4,1355
cell_02917,Monocyte,batch_0,disease,donor_4,1408
cell_02918,Monocyte,batch_0,disease,donor_3,1345
cell_02919,Monocyte,batch_0,healthy,donor_2,1524
cell_02920,Monocyte,batch_2,healthy,donor_4,1425
cell_02921,Monocyte,batch_0,disease,donor_5,1331
cell_02922,Monocyte,batch_2,healthy,donor_4,1140
cell_02923,Monocyte,batch_2,healthy,donor_3,1177
cell_02924,Monocyte,batch_2,healthy,donor_0,1291
cell_02925,Monocyte,batch_1,healthy,donor_2,1509
cell_02926,Monocyte,batch_1,healthy,donor_3,1209
cell_02927,Monocyte,batch_1,disease,donor_5,1399
cell_02928,Monocyte,batch_1,healthy,donor_1,1314
cell_02929,Monocyte,batch_0,disease,donor_2,1494
cell_02930,Monocyte,batch_2,healthy,donor_3,1264
cell_02931,Monocyte,batch_0,healthy,donor_4,1242
cell_02932,Monocyte,batch_0,healthy,donor_1,1409
cell_02933,Monocyte,batch_1,disease,donor_3,1205
cell_02934,Monocyte,batch_1,disease,donor_4,1348
cell_02935,Monocyte,batch_0,healthy,donor_1,1139
cell_02936,Monocyte,batch_0,disease,donor_0,1372
cell_02937,Monocyte,batch_0,disease,donor_3,1354
cell_02938,Monocyte,batch_1,healthy,donor_0,1411
cell_02939,Monocyte,batch_1,healthy,donor_2,1409
cell_02940,Monocyte,batch_0,healthy,donor_1,1456
cell_02941,Monocyte,batch_2,healthy,donor_5,1456
cell_02942,Monocyte,batch_1,healthy,donor_0,1341
cell_02943,Monocyte,batch_1,healthy,donor_4,1166
cell_02944,Monocyte,batch_0,disease,donor_3,1317
cell_02945,Monocyte,batch_0,disease,donor_2,1410
cell_02946,Monocyte,batch_0,healthy,donor_4,1406
cell_02947,Monocyte,batch_2,disease,donor_2,1380
cell_02948,Monocyte,batch_2,disease,donor_4,1285
cell_02949,Monocyte,batch_2,disease,donor_4,1156
cell_02950,Monocyte,batch_0,healthy,donor_1,1389
cell_02951,Monocyte,batch_0,disease,donor_5,1150
cell_02952,Monocyte,batch_1,healthy,donor_5,1415
cell_02953,Monocyte,batch_0,healthy,donor_5,1210
cell_02954,Monocyte,batch_0,disease,donor_2,1341
cell_02955,Monocyte,batch_2,healthy,donor_2,1357
cell_02956,Monocyte,batch_0,healthy,donor_4,1261
cell_02957,Monocyte,batch_2,healthy,donor_2,1234
cell_02958,Monocyte,batch_1,healthy,donor_3,1341
cell_02959,Monocyte,batch_0,disease,donor_2,1351
cell_02960,Monocyte,batch_1,disease,donor_0,1293
cell_02961,Monocyte,batch_0,healthy,donor_0,1202
cell_02962,Monocyte,batch_1,disease,donor_0,1237
cell_02963,Monocyte,batch_1,healthy,donor_5,1534
cell_02964,Monocyte,batch_0,healthy,donor_5,1233
cell_02965,Monocyte,batch_0,healthy,donor_3,1250
cell_02966,Monocyte,batch_2,healthy,donor_1,1441
cell_02967,Monocyte,batch_1,healthy,donor_1,1302
cell_02968,Monocyte,batch_1,healthy,donor_5,1382
cell_02969,Monocyte,batch_1,healthy,donor_1,1172
cell_02970,Monocyte,batch_0,disease,donor_3,1320
cell_02971,Monocyte,batch_2,disease,donor_1,1234
cell_02972,Monocyte,batch_2,healthy,donor_4,1350
cell_02973,Monocyte,batch_0,healthy,donor_0,1541
cell_02974,Monocyte,batch_2,healthy,donor_1,1416
cell_02975,Monocyte,batch_0,healthy,donor_5,1267
cell_02976,Monocyte,batch_1,disease,donor_5,1213
cell_02977,Monocyte,batch_2,healthy,donor_2,1447
cell_02978,Monocyte,batch_2,healthy,donor_4,1273
cell_02979,Monocyte,batch_2,healthy,donor_3,1296
cell_02980,Monocyte,batch_2,healthy,donor_3,1166
cell_02981,Monocyte,batch_1,healthy,donor_1,1284
cell_02982,Monocyte,batch_2,healthy,donor_0,1317
cell_02983,Monocyte,batch_0,healthy,donor_4,1323
cell_02984,Monocyte,batch_1,disease,donor_0,1466
cell_02985,Monocyte,batch_0,disease,donor_0,1254
cell_02986,Monocyte,batch_1,healthy,donor_1,1210
cell_02987,Monocyte,batch_0,disease,donor_1,1398
cell_02988,Monocyte,batch_2,disease,donor_5,1360
cell_02989,Monocyte,batch_2,healthy,donor_1,1235
cell_02990,Monocyte,batch_2,healthy,donor_3,1406
cell_02991,Monocyte,batch_1,healthy,donor_0,1236
cell_02992,Monocyte,batch_2,disease,donor_2,1272
cell_02993,Monocyte,batch_0,disease,donor_0,1301
cell_02994,Monocyte,batch_1,disease,donor_5,1278
cell_02995,Monocyte,batch_0,healthy,donor_2,1295
cell_02996,Monocyte,batch_2,disease,donor_3,1303
cell_02997,Monocyte,batch_2,healthy,donor_3,1326
cell_02998,Monocyte,batch_1,healthy,donor_5,1314
cell_02999,Monocyte,batch_1,healthy,donor_1,1361
cell_03000,Monocyte,batch_2,disease,donor_0,1255
cell_03001,Monocyte,batch_0,disease,donor_0,1191
cell_03002,Monocyte,batch_0,disease,donor_0,1374
cell_03003,Monocyte,batch_0,healthy,donor_4,1359
cell_03004,Monocyte,batch_2,healthy,donor_5,1267
cell_03005,Monocyte,batch_1,healthy,donor_0,1403
cell_03006,Monocyte,batch_1,disease,donor_4,1350
cell_03007,Monocyte,batch_0,healthy,donor_4,1359
cell_03008,Monocyte,batch_2,healthy,donor_1,1286
cell_03009,Monocyte,batch_1,disease,donor_1,1391
cell_03010,Monocyte,batch_1,disease,donor_3,1364
cell_03011,Monocyte,batch_1,disease,donor_3,1215
cell_03012,Monocyte,batch_1,healthy,donor_3,1464
cell_03013,Monocyte,batch_0,disease,donor_4,1262
cell_03014,Monocyte,batch_2,healthy,donor_3,1415
cell_03015,Monocyte,batch_1,healthy,donor_4,1360
cell_03016,Monocyte,batch_2,disease,donor_1,1437
cell_03017,Monocyte,batch_2,disease,donor_0,1330
cell_03018,Monocyte,batch_0,healthy,donor_5,1198
cell_03019,Monocyte,batch_1,disease,donor_2,1372
cell_03020,Monocyte,batch_2,healthy,donor_4,1356
cell_03021,Monocyte,batch_2,disease,donor_4,1250
cell_03022,Monocyte,batch_1,healthy,donor_1,1266
cell_03023,Monocyte,batch_1,disease,donor_5,1426
cell_03024,Monocyte,batch_2,healthy,donor_4,1349
cell_03025,Monocyte,batch_0,disease,donor_3,1568
cell_03026,Monocyte,batch_2,disease,donor_4,1282
cell_03027,Monocyte,batch_1,healthy,donor_1,1334
cell_03028,Monocyte,batch_2,healthy,donor_1,1300
cell_03029,Monocyte,batch_1,disease,donor_0,1355
cell_03030,Monocyte,batch_1,disease,donor_4,1195
cell_03031,Monocyte,batch_0,healthy,donor_1,1308
cell_03032,Monocyte,batch_0,healthy,donor_3,1250
cell_03033,Monocyte,batch_0,healthy,donor_2,1280
cell_03034,Monocyte,batch_1,healthy,donor_0,1203
cell_03035,Monocyte,batch_0,healthy,donor_4,1484
cell_03036,Monocyte,batch_0,healthy,donor_1,1292
cell_03037,Monocyte,batch_1,healthy,donor_2,1271
cell_03038,Monocyte,batch_1,healthy,donor_2,1484
cell_03039,Monocyte,batch_1,disease,donor_1,1334
cell_03040,Monocyte,batch_1,healthy,donor_3,1313
cell_03041,Monocyte,batch_1,healthy,donor_3,1445
cell_03042,Monocyte,batch_2,healthy,donor_3,1264
cell_03043,Monocyte,batch_1,healthy,donor_0,1205
cell_03044,Monocyte,batch_1,healthy,donor_5,1269
cell_03045,Monocyte,batch_2,healthy,donor_4,1443
cell_03046,Monocyte,batch_0,healthy,donor_2,1390
cell_03047,Monocyte,batch_0,healthy,donor_4,1463
cell_03048,Monocyte,batch_2,disease,donor_2,1314
cell_03049,Monocyte,batch_1,healthy,donor_0,1257
cell_03050,Monocyte,batch_0,healthy,donor_5,1289
cell_03051,Monocyte,batch_0,disease,donor_2,1375
cell_03052,Monocyte,batch_2,healthy,donor_2,1241
cell_03053,Monocyte,batch_0,healthy,donor_3,1272
cell_03054,Monocyte,batch_2,healthy,donor_5,1324
cell_03055,Monocyte,batch_0,healthy,donor_3,1339
cell_03056,Monocyte,batch_2,healthy,donor_5,1257
cell_03057,Monocyte,batch_1,healthy,donor_0,1577
cell_03058,Monocyte,batch_1,disease,donor_1,1399
cell_03059,Monocyte,batch_2,disease,donor_1,1334
cell_03060,Monocyte,batch_2,disease,donor_2,1250
cell_03061,Monocyte,batch_1,healthy,donor_5,1347
cell_03062,Monocyte,batch_2,healthy,donor_5,1348
cell_03063,Monocyte,batch_1,disease,donor_0,1380
cell_03064,Monocyte,batch_1,disease,donor_1,1240
cell_03065,Monocyte,batch_2,healthy,donor_3,1148
cell_03066,Monocyte,batch_1,healthy,donor_4,1404
cell_03067,Monocyte,batch_0,disease,donor_2,1224
cell_03068,Monocyte,batch_1,healthy,donor_3,1375
cell_03069,Monocyte,batch_1,healthy,donor_4,1279
cell_03070,Monocyte,batch_2,healthy,donor_4,1255
cell_03071,Monocyte,batch_0,healthy,donor_4,1315
cell_03072,Monocyte,batch_2,disease,donor_4,1372
cell_03073,Monocyte,batch_1,disease,donor_4,1362
cell_03074,Monocyte,batch_2,healthy,donor_0,1323
cell_03075,Monocyte,batch_0,healthy,donor_4,1270
cell_03076,Monocyte,batch_0,healthy,donor_2,1175
cell_03077,Monocyte,batch_0,healthy,donor_4,1238
cell_03078,Monocyte,batch_2,healthy,donor_1,1345
cell_03079,Monocyte,batch_0,disease,donor_4,1423
cell_03080,Monocyte,batch_0,healthy,donor_5,1357
cell_03081,Monocyte,batch_1,disease,donor_3,1449
cell_03082,Monocyte,batch_2,healthy,donor_2,1201
cell_03083,Monocyte,batch_2,disease,donor_2,1150
cell_03084,Monocyte,batch_1,healthy,donor_2,1233
cell_03085,Monocyte,batch_0,disease,donor_5,1266
cell_03086,Monocyte,batch_0,healthy,donor_0,1455
cell_03087,Monocyte,batch_0,disease,donor_3,1412
cell_03088,Monocyte,batch_1,healthy,donor_0,1141
cell_03089,Monocyte,batch_2,disease,donor_1,1322
cell_03090,Monocyte,batch_1,healthy,donor_1,1304
cell_03091,Monocyte,batch_2,healthy,donor_2,1251
cell_03092,Monocyte,batch_0,healthy,donor_1,1225
cell_03093,Monocyte,batch_1,healthy,donor_5,1383
cell_03094,Monocyte,batch_0,healthy,donor_5,1351
cell_03095,Monocyte,batch_2,healthy,donor_3,1336
cell_03096,Monocyte,batch_1,disease,donor_2,1294
cell_03097,Monocyte,batch_0,healthy,donor_0,1150
cell_03098,Monocyte,batch_2,healthy,donor_3,1307
cell_03099,Monocyte,batch_0,healthy,donor_2,1232
cell_03100,Monocyte,batch_2,disease,donor_0,1311
cell_03101,Monocyte,batch_0,healthy,donor_3,1296
cell_03102,Monocyte,batch_2,healthy,donor_0,1344
cell_03103,Monocyte,batch_0,disease,donor_4,1382
cell_03104,Monocyte,batch_2,disease,donor_0,1360
cell_03105,Monocyte,batch_0,healthy,donor_2,1242
cell_03106,Monocyte,batch_2,disease,donor_1,1303
cell_03107,Monocyte,batch_1,healthy,donor_5,1426
cell_03108,Monocyte,batch_1,healthy,donor_3,1300
cell_03109,Monocyte,batch_1,healthy,donor_1,1325
cell_03110,Monocyte,batch_2,healthy,donor_2,1537
cell_03111,Monocyte,batch_0,healthy,donor_3,1268
cell_03112,Monocyte,batch_1,healthy,donor_1,1450
cell_03113,Monocyte,batch_0,healthy,donor_4,1291
cell_03114,Monocyte,batch_0,disease,donor_0,1060
cell_03115,Monocyte,batch_1,healthy,donor_5,1326
cell_03116,Monocyte,batch_0,disease,donor_1,1212
cell_03117,Monocyte,batch_1,healthy,donor_3,1455
cell_03118,Monocyte,batch_0,healthy,donor_5,1370
cell_03119,Monocyte,batch_0,healthy,donor_5,1179
cell_03120,Monocyte,batch_1,disease,donor_4,1387
cell_03121,Monocyte,batch_2,disease,donor_4,1274
cell_03122,Monocyte,batch_2,healthy,donor_2,1324
cell_03123,Monocyte,batch_0,healthy,donor_0,1392
cell_03124,Monocyte,batch_2,healthy,donor_2,1514
cell_03125,Monocyte,batch_0,disease,donor_1,1206
cell_03126,Monocyte,batch_2,disease,donor_1,1509
cell_03127,Monocyte,batch_2,healthy,donor_0,1123
cell_03128,Monocyte,batch_1,healthy,donor_0,1388
cell_03129,Monocyte,batch_2,healthy,donor_5,1320
cell_03130,Monocyte,batch_1,healthy,donor_4,1367
cell_03131,Monocyte,batch_2,disease,donor_5,1325
cell_03132,Monocyte,batch_0,disease,donor_1,1416
cell_03133,Monocyte,batch_2,disease,donor_5,1239
cell_03134,Monocyte,batch_1,healthy,donor_4,1446
cell_03135,Monocyte,batch_0,healthy,donor_0,1271
cell_03136,Monocyte,batch_1,healthy,donor_0,1321
cell_03137,Monocyte,batch_1,healthy,donor_4,1305
cell_03138,Monocyte,batch_2,healthy,donor_2,1303
cell_03139,Monocyte,batch_1,healthy,donor_3,1301
cell_03140,Monocyte,batch_1,healthy,donor_2,1463
cell_03141,Monocyte,batch_0,healthy,donor_2,1318
cell_03142,Monocyte,batch_0,healthy,donor_3,1409
cell_03143,Monocyte,batch_2,healthy,donor_3,1150
cell_03144,Monocyte,batch_0,healthy,donor_2,1458
cell_03145,Monocyte,batch_0,disease,donor_4,1362
cell_03146,Monocyte,batch_2,disease,donor_0,1351
cell_03147,Monocyte,batch_0,healthy,donor_3,1343
cell_03148,Monocyte,batch_1,healthy,donor_3,1382
cell_03149,Monocyte,batch_1,healthy,donor_4,1355
cell_03150,Monocyte,batch_2,healthy,donor_4,1366
cell_03151,Monocyte,batch_2,disease,donor_5,1483
cell_03152,Monocyte,batch_1,healthy,donor_3,1381
cell_03153,Monocyte,batch_2,healthy,donor_5,1537
cell_03154,Monocyte,batch_0,healthy,donor_4,1222
cell_03155,Monocyte,batch_2,disease,donor_4,1395
cell_03156,Monocyte,batch_1,disease,donor_4,1341
cell_03157,Monocyte,batch_1,healthy,donor_3,1412
cell_03158,Monocyte,batch_2,disease,donor_0,1275
cell_03159,Monocyte,batch_0,disease,donor_3,1295
cell_03160,Monocyte,batch_0,healthy,donor_0,1364
cell_03161,Monocyte,batch_1,healthy,donor_2,1222
cell_03162,Monocyte,batch_1,disease,donor_1,1464
cell_03163,Monocyte,batch_0,healthy,donor_2,1141
cell_03164,Monocyte,batch_0,healthy,donor_4,1360
cell_03165,Monocyte,batch_2,healthy,donor_1,1259
cell_03166,Monocyte,batch_0,healthy,donor_4,1384
cell_03167,Monocyte,batch_0,healthy,donor_0,1320
cell_03168,Monocyte,batch_0,disease,donor_2,1309
cell_03169,Monocyte,batch_2,disease,donor_5,1349
cell_03170,Monocyte,batch_1,disease,donor_0,1263
cell_03171,Monocyte,batch_1,healthy,donor_2,1331
cell_03172,Monocyte,batch_1,healthy,donor_4,1299
cell_03173,Monocyte,batch_0,healthy,donor_5,1273
cell_03174,Monocyte,batch_1,healthy,donor_3,1317
cell_03175,Monocyte,batch_2,healthy,donor_2,1341
cell_03176,Monocyte,batch_0,healthy,donor_3,1248
cell_03177,Monocyte,batch_0,healthy,donor_2,1205
cell_03178,Monocyte,batch_0,healthy,donor_5,1272
cell_03179,Monocyte,batch_1,healthy,donor_1,1461
cell_03180,Monocyte,batch_2,healthy,donor_4,1329
cell_03181,Monocyte,batch_2,disease,donor_0,1282
cell_03182,Monocyte,batch_0,disease,donor_2,1369
cell_03183,Monocyte,batch_1,disease,donor_1,1430
cell_03184,Monocyte,batch_1,healthy,donor_1,1335
cell_03185,Monocyte,batch_1,healthy,donor_4,1367
cell_03186,Monocyte,batch_2,disease,donor_5,1432
cell_03187,Monocyte,batch_1,disease,donor_2,1330
cell_03188,Monocyte,batch_0,disease,donor_1,1398
cell_03189,Monocyte,batch_1,healthy,donor_2,1255
cell_03190,Monocyte,batch_0,disease,donor_2,1241
cell_03191,Monocyte,batch_1,healthy,donor_2,1292
cell_03192,Monocyte,batch_2,healthy,donor_4,1243
cell_03193,Monocyte,batch_2,disease,donor_5,1307
cell_03194,Monocyte,batch_0,disease,donor_4,1499
cell_03195,Monocyte,batch_0,healthy,donor_4,1414
cell_03196,Monocyte,batch_0,healthy,donor_4,1298
cell_03197,Monocyte,batch_0,healthy,donor_1,1329
cell_03198,Monocyte,batch_1,healthy,donor_4,1448
cell_03199,Monocyte,batch_1,disease,donor_3,1337
cell_03200,Monocyte,batch_2,disease,donor_2,1311
cell_03201,Monocyte,batch_2,disease,donor_4,1177
cell_03202,Monocyte,batch_2,healthy,donor_5,1261
cell_03203,Monocyte,batch_1,healthy,donor_4,1358
cell_03204,Monocyte,batch_1,disease,donor_5,1193
cell_03205,Monocyte,batch_2,healthy,donor_2,1407
cell_03206,Monocyte,batch_1,healthy,donor_0,1275
cell_03207,Monocyte,batch_2,healthy,donor_4,1386
cell_03208,Monocyte,batch_1,healthy,donor_0,1282
cell_03209,Monocyte,batch_2,disease,donor_5,1349
cell_03210,Monocyte,batch_2,healthy,donor_1,1375
cell_03211,Monocyte,batch_2,healthy,donor_5,1497
cell_03212,Monocyte,batch_0,disease,donor_4,1358
cell_03213,Monocyte,batch_2,healthy,donor_3,1345
cell_03214,Monocyte,batch_2,disease,donor_3,1299
cell_03215,Monocyte,batch_1,disease,donor_5,1327
cell_03216,Monocyte,batch_0,healthy,donor_5,1281
cell_03217,Monocyte,batch_1,disease,donor_2,1257
cell_03218,Monocyte,batch_1,healthy,donor_0,1329
cell_03219,Monocyte,batch_0,healthy,donor_2,1380
cell_03220,Monocyte,batch_0,disease,donor_1,1449
cell_03221,Monocyte,batch_1,disease,donor_4,1374
cell_03222,Monocyte,batch_0,disease,donor_4,1356
cell_03223,Monocyte,batch_0,disease,donor_0,1249
cell_03224,Monocyte,batch_1,disease,donor_0,1299
cell_03225,Monocyte,batch_2,disease,donor_2,1137
cell_03226,Monocyte,batch_0,disease,donor_0,1425
cell_03227,Monocyte,batch_0,disease,donor_5,1299
cell_03228,Monocyte,batch_0,disease,donor_3,1278
cell_03229,Monocyte,batch_2,healthy,donor_2,1147
cell_03230,Monocyte,batch_2,healthy,donor_1,1557
cell_03231,Monocyte,batch_2,healthy,donor_2,1372
cell_03232,Monocyte,batch_2,disease,donor_0,1261
cell_03233,Monocyte,batch_2,healthy,donor_1,1258
cell_03234,Monocyte,batch_0,healthy,donor_2,1551
cell_03235,Monocyte,batch_1,disease,donor_5,1281
cell_03236,Monocyte,batch_2,healthy,donor_4,1333
cell_03237,Monocyte,batch_0,healthy,donor_0,1394
cell_03238,Monocyte,batch_0,healthy,donor_1,1231
cell_03239,Monocyte,batch_1,healthy,donor_3,1320
cell_03240,Monocyte,batch_0,healthy,donor_0,1239
cell_03241,Monocyte,batch_0,healthy,donor_1,1379
cell_03242,Monocyte,batch_0,healthy,donor_4,1260
cell_03243,Monocyte,batch_1,disease,donor_1,1356
cell_03244,Monocyte,batch_1,healthy,donor_0,1319
cell_03245,Monocyte,batch_1,healthy,donor_0,1385
cell_03246,Monocyte,batch_1,disease,donor_5,1214
cell_03247,Monocyte,batch_1,healthy,donor_1,1381
cell_03248,Monocyte,batch_0,healthy,donor_4,1348
cell_03249,Monocyte,batch_0,disease,donor_5,1227
cell_03250,Monocyte,batch_1,healthy,donor_3,1181
cell_03251,Monocyte,batch_2,healthy,donor_5,1313
cell_03252,Monocyte,batch_1,healthy,donor_2,1314
cell_03253,Monocyte,batch_0,healthy,donor_5,1214
cell_03254,Monocyte,batch_1,disease,donor_4,1430
cell_03255,Monocyte,batch_2,healthy,donor_3,1409
cell_03256,Monocyte,batch_2,healthy,donor_0,1292
cell_03257,Monocyte,batch_2,healthy,donor_5,1438
cell_03258,Monocyte,batch_0,healthy,donor_0,1347
cell_03259,Monocyte,batch_2,healthy,donor_0,1481
cell_03260,Monocyte,batch_2,healthy,donor_3,1402
cell_03261,Monocyte,batch_2,disease,donor_3,1494
cell_03262,Monocyte,batch_1,healthy,donor_1,1233
cell_03263,Monocyte,batch_1,healthy,donor_2,1369
cell_03264,Monocyte,batch_0,disease,donor_2,1296
cell_03265,Monocyte,batch_2,healthy,donor_5,1374
cell_03266,Monocyte,batch_1,healthy,donor_1,1436
cell_03267,Monocyte,batch_1,healthy,donor_0,1274
cell_03268,Monocyte,batch_2,disease,donor_2,1406
cell_03269,Monocyte,batch_2,healthy,donor_2,1158
cell_03270,Monocyte,batch_2,disease,donor_5,1440
cell_03271,Monocyte,batch_0,disease,donor_5,1385
cell_03272,Monocyte,batch_0,healthy,donor_1,1403
cell_03273,Monocyte,batch_1,disease,donor_2,1295
cell_03274,Monocyte,batch_0,disease,donor_3,1313
cell_03275,Monocyte,batch_0,healthy,donor_3,1349
cell_03276,Monocyte,batch_0,healthy,donor_5,1341
cell_03277,Monocyte,batch_0,healthy,donor_0,1271
cell_03278,Monocyte,batch_0,disease,donor_5,1282
cell_03279,Monocyte,batch_0,healthy,donor_5,1388
cell_03280,Monocyte,batch_1,healthy,donor_0,1338
cell_03281,Monocyte,batch_1,healthy,donor_4,1466
cell_03282,Monocyte,batch_1,disease,donor_2,1207
cell_03283,Monocyte,batch_0,disease,donor_4,1321
cell_03284,Monocyte,batch_2,healthy,donor_1,1332
cell_03285,Monocyte,batch_2,disease,donor_1,1410
cell_03286,Monocyte,batch_0,disease,donor_0,1536
cell_03287,Monocyte,batch_2,disease,donor_1,1330
cell_03288,Monocyte,batch_1,healthy,donor_3,1102
cell_03289,Monocyte,batch_2,healthy,donor_1,1184
cell_03290,Monocyte,batch_2,disease,donor_2,1196
cell_03291,Monocyte,batch_0,healthy,donor_1,1378
cell_03292,Monocyte,batch_2,healthy,donor_1,1256
cell_03293,Monocyte,batch_1,disease,donor_0,1395
cell_03294,Monocyte,batch_0,healthy,donor_1,1233
cell_03295,Monocyte,batch_2,disease,donor_2,1280
cell_03296,Monocyte,batch_0,healthy,donor_5,1229
cell_03297,Monocyte,batch_0,healthy,donor_2,1336
cell_03298,Monocyte,batch_0,healthy,donor_4,1243
cell_03299,Monocyte,batch_1,healthy,donor_4,1220
cell_03300,NK_cell,batch_0,disease,donor_1,1345
cell_03301,NK_cell,batch_0,healthy,donor_4,1271
cell_03302,NK_cell,batch_0,healthy,donor_4,1467
cell_03303,NK_cell,batch_2,healthy,donor_1,1300
cell_03304,NK_cell,batch_2,disease,donor_4,1590
cell_03305,NK_cell,batch_1,disease,donor_3,1460
cell_03306,NK_cell,batch_1,healthy,donor_3,1380
cell_03307,NK_cell,batch_2,healthy,donor_1,1480
cell_03308,NK_cell,batch_2,healthy,donor_2,1342
cell_03309,NK_cell,batch_0,disease,donor_5,1351
cell_03310,NK_cell,batch_0,healthy,donor_3,1442
cell_03311,NK_cell,batch_1,healthy,donor_4,1357
cell_03312,NK_cell,batch_0,disease,donor_0,1314
cell_03313,NK_cell,batch_0,disease,donor_0,1182
cell_03314,NK_cell,batch_1,disease,donor_3,1068
cell_03315,NK_cell,batch_0,healthy,donor_3,1324
cell_03316,NK_cell,batch_1,disease,donor_1,1256
cell_03317,NK_cell,batch_1,healthy,donor_1,1267
cell_03318,NK_cell,batch_0,disease,donor_4,1426
cell_03319,NK_cell,batch_2,healthy,donor_1,1069
cell_03320,NK_cell,batch_1,healthy,donor_3,1201
cell_03321,NK_cell,batch_1,healthy,donor_4,1382
cell_03322,NK_cell,batch_1,disease,donor_3,1365
cell_03323,NK_cell,batch_1,healthy,donor_4,1395
cell_03324,NK_cell,batch_2,healthy,donor_4,1401
cell_03325,NK_cell,batch_1,healthy,donor_5,1301
cell_03326,NK_cell,batch_0,disease,donor_2,1359
cell_03327,NK_cell,batch_2,healthy,donor_3,1392
cell_03328,NK_cell,batch_1,disease,donor_4,1313
cell_03329,NK_cell,batch_1,healthy,donor_3,1275
cell_03330,NK_cell,batch_1,healthy,donor_0,1159
cell_03331,NK_cell,batch_2,healthy,donor_0,1277
cell_03332,NK_cell,batch_2,healthy,donor_1,1436
cell_03333,NK_cell,batch_1,healthy,donor_4,1178
cell_03334,NK_cell,batch_0,disease,donor_2,1467
cell_03335,NK_cell,batch_2,disease,donor_2,1343
cell_03336,NK_cell,batch_1,healthy,donor_4,1329
cell_03337,NK_cell,batch_2,healthy,donor_5,1269
cell_03338,NK_cell,batch_0,healthy,donor_2,1163
cell_03339,NK_cell,batch_2,disease,donor_0,1286
cell_03340,NK_cell,batch_2,healthy,donor_2,1577
cell_03341,NK_cell,batch_1,healthy,donor_3,1341
cell_03342,NK_cell,batch_2,healthy,donor_4,1262
cell_03343,NK_cell,batch_1,disease,donor_1,1421
cell_03344,NK_cell,batch_1,disease,donor_4,1255
cell_03345,NK_cell,batch_2,healthy,donor_5,1363
cell_03346,NK_cell,batch_2,healthy,donor_3,1248
cell_03347,NK_cell,batch_2,disease,donor_4,1329
cell_03348,NK_cell,batch_2,disease,donor_3,1269
cell_03349,NK_cell,batch_0,disease,donor_2,1233
cell_03350,NK_cell,batch_2,healthy,donor_2,1290
cell_03351,NK_cell,batch_1,disease,donor_5,1315
cell_03352,NK_cell,batch_2,healthy,donor_3,1395
cell_03353,NK_cell,batch_2,healthy,donor_2,1327
cell_03354,NK_cell,batch_2,healthy,donor_2,1358
cell_03355,NK_cell,batch_2,healthy,donor_4,1444
cell_03356,NK_cell,batch_1,disease,donor_0,1417
cell_03357,NK_cell,batch_0,healthy,donor_4,1389
cell_03358,NK_cell,batch_0,disease,donor_5,1362
cell_03359,NK_cell,batch_0,disease,donor_2,1244
cell_03360,NK_cell,batch_1,disease,donor_2,1497
cell_03361,NK_cell,batch_0,disease,donor_3,1387
cell_03362,NK_cell,batch_0,healthy,donor_3,1349
cell_03363,NK_cell,batch_1,healthy,donor_3,1517
cell_03364,NK_cell,batch_2,disease,donor_3,1440
cell_03365,NK_cell,batch_0,healthy,donor_0,1243
cell_03366,NK_cell,batch_1,disease,donor_0,1355
cell_03367,NK_cell,batch_0,healthy,donor_3,1459
cell_03368,NK_cell,batch_0,disease,donor_0,1408
cell_03369,NK_cell,batch_1,disease,donor_0,1307
cell_03370,NK_cell,batch_1,disease,donor_1,1328
cell_03371,NK_cell,batch_2,disease,donor_1,1392
cell_03372,NK_cell,batch_2,disease,donor_1,1436
cell_03373,NK_cell,batch_0,healthy,donor_4,1308
cell_03374,NK_cell,batch_1,disease,donor_0,1322
cell_03375,NK_cell,batch_2,disease,donor_2,1263
cell_03376,NK_cell,batch_0,disease,donor_1,1491
cell_03377,NK_cell,batch_0,disease,donor_4,1240
cell_03378,NK_cell,batch_2,disease,donor_0,1343
cell_03379,NK_cell,batch_0,disease,donor_3,1202
cell_03380,NK_cell,batch_0,healthy,donor_5,1348
cell_03381,NK_cell,batch_2,healthy,donor_0,1313
cell_03382,NK_cell,batch_1,healthy,donor_0,1545
cell_03383,NK_cell,batch_1,disease,donor_0,1234
cell_03384,NK_cell,batch_0,disease,donor_0,1234
cell_03385,NK_cell,batch_0,healthy,donor_3,1244
cell_03386,NK_cell,batch_2,healthy,donor_0,1261
cell_03387,NK_cell,batch_0,disease,donor_5,1211
cell_03388,NK_cell,batch_2,healthy,donor_3,1319
cell_03389,NK_cell,batch_1,disease,donor_2,1319
cell_03390,NK_cell,batch_0,disease,donor_1,1306
cell_03391,NK_cell,batch_1,healthy,donor_1,1449
cell_03392,NK_cell,batch_2,healthy,donor_3,1165
cell_03393,NK_cell,batch_2,healthy,donor_0,1365
cell_03394,NK_cell,batch_0,healthy,donor_3,1377
cell_03395,NK_cell,batch_1,healthy,donor_3,1043
cell_03396,NK_cell,batch_2,healthy,donor_1,1412
cell_03397,NK_cell,batch_0,healthy,donor_2,1269
cell_03398,NK_cell,batch_2,disease,donor_3,1195
cell_03399,NK_cell,batch_0,healthy,donor_0,1284
cell_03400,NK_cell,batch_0,healthy,donor_3,1315
cell_03401,NK_cell,batch_2,disease,donor_4,1460
cell_03402,NK_cell,batch_1,healthy,donor_3,1364
cell_03403,NK_cell,batch_2,healthy,donor_2,1329
cell_03404,NK_cell,batch_1,healthy,donor_4,1379
cell_03405,NK_cell,batch_1,disease,donor_1,1319
cell_03406,NK_cell,batch_2,disease,donor_0,1266
cell_03407,NK_cell,batch_2,healthy,donor_2,1246
cell_03408,NK_cell,batch_2,healthy,donor_2,1315
cell_03409,NK_cell,batch_0,healthy,donor_0,1304
cell_03410,NK_cell,batch_2,healthy,donor_5,1180
cell_03411,NK_cell,batch_1,disease,donor_4,1495
cell_03412,NK_cell,batch_0,healthy,donor_3,1248
cell_03413,NK_cell,batch_1,healthy,donor_5,1311
cell_03414,NK_cell,batch_1,disease,donor_2,1356
cell_03415,NK_cell,batch_2,disease,donor_4,1352
cell_03416,NK_cell,batch_1,healthy,donor_3,1325
cell_03417,NK_cell,batch_0,healthy,donor_3,1183
cell_03418,NK_cell,batch_0,disease,donor_1,1167
cell_03419,NK_cell,batch_1,healthy,donor_4,1266
cell_03420,NK_cell,batch_0,disease,donor_4,1523
cell_03421,NK_cell,batch_0,disease,donor_3,1449
cell_03422,NK_cell,batch_2,disease,donor_4,1239
cell_03423,NK_cell,batch_0,disease,donor_0,1435
cell_03424,NK_cell,batch_1,disease,donor_4,1584
cell_03425,NK_cell,batch_1,healthy,donor_4,1287
cell_03426,NK_cell,batch_1,healthy,donor_3,1521
cell_03427,NK_cell,batch_1,healthy,donor_4,1339
cell_03428,NK_cell,batch_1,healthy,donor_2,1287
cell_03429,NK_cell,batch_0,healthy,donor_2,1457
cell_03430,NK_cell,batch_2,disease,donor_0,1367
cell_03431,NK_cell,batch_1,disease,donor_0,1188
cell_03432,NK_cell,batch_2,disease,donor_3,1374
cell_03433,NK_cell,batch_0,healthy,donor_2,1284
cell_03434,NK_cell,batch_2,healthy,donor_5,1353
cell_03435,NK_cell,batch_0,healthy,donor_2,1305
cell_03436,NK_cell,batch_2,healthy,donor_5,1185
cell_03437,NK_cell,batch_2,healthy,donor_0,1294
cell_03438,NK_cell,batch_0,disease,donor_1,1217
cell_03439,NK_cell,batch_1,healthy,donor_2,1265
cell_03440,NK_cell,batch_0,healthy,donor_3,1364
cell_03441,NK_cell,batch_1,disease,donor_2,1271
cell_03442,NK_cell,batch_0,healthy,donor_2,1340
cell_03443,NK_cell,batch_2,healthy,donor_3,1334
cell_03444,NK_cell,batch_0,disease,donor_2,1318
cell_03445,NK_cell,batch_1,healthy,donor_2,1443
cell_03446,NK_cell,batch_2,disease,donor_5,1308
cell_03447,NK_cell,batch_1,healthy,donor_3,1219
cell_03448,NK_cell,batch_2,healthy,donor_1,1325
cell_03449,NK_cell,batch_0,disease,donor_2,1367
cell_03450,NK_cell,batch_1,healthy,donor_3,1270
cell_03451,NK_cell,batch_1,healthy,donor_1,1279
cell_03452,NK_cell,batch_1,healthy,donor_5,1265
cell_03453,NK_cell,batch_0,healthy,donor_2,1433
cell_03454,NK_cell,batch_1,healthy,donor_3,1505
cell_03455,NK_cell,batch_0,disease,donor_5,1404
cell_03456,NK_cell,batch_0,healthy,donor_2,1271
cell_03457,NK_cell,batch_1,disease,donor_0,1439
cell_03458,NK_cell,batch_2,healthy,donor_2,1174
cell_03459,NK_cell,batch_0,healthy,donor_5,1242
cell_03460,NK_cell,batch_1,healthy,donor_5,1440
cell_03461,NK_cell,batch_2,disease,donor_5,1283
cell_03462,NK_cell,batch_2,disease,donor_4,1319
cell_03463,NK_cell,batch_2,healthy,donor_2,1403
cell_03464,NK_cell,batch_2,healthy,donor_3,1309
cell_03465,NK_cell,batch_1,healthy,donor_2,1398
cell_03466,NK_cell,batch_0,disease,donor_3,1301
cell_03467,NK_cell,batch_2,disease,donor_4,1224
cell_03468,NK_cell,batch_2,healthy,donor_5,1266
cell_03469,NK_cell,batch_1,disease,donor_4,1485
cell_03470,NK_cell,batch_1,disease,donor_3,1285
cell_03471,NK_cell,batch_1,healthy,donor_5,1418
cell_03472,NK_cell,batch_2,disease,donor_5,1160
cell_03473,NK_cell,batch_2,disease,donor_1,1344
cell_03474,NK_cell,batch_1,healthy,donor_1,1284
cell_03475,NK_cell,batch_2,disease,donor_2,1200
cell_03476,NK_cell,batch_2,healthy,donor_5,1441
cell_03477,NK_cell,batch_0,disease,donor_4,1221
cell_03478,NK_cell,batch_2,disease,donor_5,1130
cell_03479,NK_cell,batch_1,healthy,donor_3,1525
cell_03480,NK_cell,batch_1,disease,donor_5,1428
cell_03481,NK_cell,batch_2,disease,donor_2,1321
cell_03482,NK_cell,batch_2,healthy,donor_0,1410
cell_03483,NK_cell,batch_2,disease,donor_5,1151
cell_03484,NK_cell,batch_1,healthy,donor_3,1343
cell_03485,NK_cell,batch_0,healthy,donor_3,1269
cell_03486,NK_cell,batch_2,healthy,donor_1,1358
cell_03487,NK_cell,batch_0,healthy,donor_0,1190
cell_03488,NK_cell,batch_0,healthy,donor_0,1406
cell_03489,NK_cell,batch_1,healthy,donor_4,1365
cell_03490,NK_cell,batch_2,healthy,donor_5,1318
cell_03491,NK_cell,batch_2,disease,donor_1,1224
cell_03492,NK_cell,batch_1,healthy,donor_0,1292
cell_03493,NK_cell,batch_0,disease,donor_4,1431
cell_03494,NK_cell,batch_2,healthy,donor_2,1311
cell_03495,NK_cell,batch_0,disease,donor_3,1442
cell_03496,NK_cell,batch_0,disease,donor_3,1412
cell_03497,NK_cell,batch_2,healthy,donor_2,1347
cell_03498,NK_cell,batch_2,healthy,donor_4,1214
cell_03499,NK_cell,batch_1,healthy,donor_0,1311
cell_03500,NK_cell,batch_1,disease,donor_1,1299
cell_03501,NK_cell,batch_0,healthy,donor_0,1371
cell_03502,NK_cell,batch_1,healthy,donor_5,1215
cell_03503,NK_cell,batch_2,healthy,donor_4,1322
cell_03504,NK_cell,batch_2,healthy,donor_3,1355
cell_03505,NK_cell,batch_0,healthy,donor_5,1417
cell_03506,NK_cell,batch_2,disease,donor_4,1436
cell_03507,NK_cell,batch_1,healthy,donor_4,1210
cell_03508,NK_cell,batch_1,healthy,donor_4,1345
cell_03509,NK_cell,batch_2,healthy,donor_4,1365
cell_03510,NK_cell,batch_1,disease,donor_0,1280
cell_03511,NK_cell,batch_0,disease,donor_2,1284
cell_03512,NK_cell,batch_2,disease,donor_3,1387
cell_03513,NK_cell,batch_2,disease,donor_5,1208
cell_03514,NK_cell,batch_0,disease,donor_2,1451
cell_03515,NK_cell,batch_0,healthy,donor_0,1172
cell_03516,NK_cell,batch_0,disease,donor_2,1294
cell_03517,NK_cell,batch_2,healthy,donor_3,1178
cell_03518,NK_cell,batch_2,healthy,donor_3,1334
cell_03519,NK_cell,batch_0,healthy,donor_0,1237
cell_03520,NK_cell,batch_1,disease,donor_0,1387
cell_03521,NK_cell,batch_2,disease,donor_2,1530
cell_03522,NK_cell,batch_0,healthy,donor_2,1311
cell_03523,NK_cell,batch_1,disease,donor_0,1334
cell_03524,NK_cell,batch_2,disease,donor_5,1373
cell_03525,NK_cell,batch_2,healthy,donor_2,1446
cell_03526,NK_cell,batch_2,healthy,donor_5,1326
cell_03527,NK_cell,batch_2,healthy,donor_3,1330
cell_03528,NK_cell,batch_2,disease,donor_3,1209
cell_03529,NK_cell,batch_0,disease,donor_3,1282
cell_03530,NK_cell,batch_0,disease,donor_2,1534
cell_03531,NK_cell,batch_1,disease,donor_1,1613
cell_03532,NK_cell,batch_2,healthy,donor_1,1196
cell_03533,NK_cell,batch_0,disease,donor_3,1282
cell_03534,NK_cell,batch_1,disease,donor_1,1290
cell_03535,NK_cell,batch_0,disease,donor_5,1384
cell_03536,NK_cell,batch_1,healthy,donor_5,1335
cell_03537,NK_cell,batch_2,healthy,donor_5,1256
cell_03538,NK_cell,batch_2,healthy,donor_3,1265
cell_03539,NK_cell,batch_2,disease,donor_2,1372
cell_03540,NK_cell,batch_0,disease,donor_4,1228
cell_03541,NK_cell,batch_1,healthy,donor_2,1356
cell_03542,NK_cell,batch_0,healthy,donor_4,1386
cell_03543,NK_cell,batch_0,disease,donor_1,1296
cell_03544,NK_cell,batch_0,healthy,donor_2,1265
cell_03545,NK_cell,batch_0,healthy,donor_3,1305
cell_03546,NK_cell,batch_2,disease,donor_2,1195
cell_03547,NK_cell,batch_0,healthy,donor_0,1323
cell_03548,NK_cell,batch_0,healthy,donor_0,1435
cell_03549,NK_cell,batch_1,healthy,donor_3,1229
cell_03550,NK_cell,batch_0,healthy,donor_0,1403
cell_03551,NK_cell,batch_0,healthy,donor_3,1249
cell_03552,NK_cell,batch_0,healthy,donor_4,1329
cell_03553,NK_cell,batch_0,disease,donor_1,1162
cell_03554,NK_cell,batch_2,disease,donor_0,1443
cell_03555,NK_cell,batch_1,disease,donor_3,1344
cell_03556,NK_cell,batch_0,healthy,donor_5,1401
cell_03557,NK_cell,batch_2,healthy,donor_0,1365
cell_03558,NK_cell,batch_1,disease,donor_1,1264
cell_03559,NK_cell,batch_0,healthy,donor_5,1340
cell_03560,NK_cell,batch_2,disease,donor_1,1284
cell_03561,NK_cell,batch_1,healthy,donor_1,1197
cell_03562,NK_cell,batch_0,disease,donor_0,1265
cell_03563,NK_cell,batch_0,disease,donor_3,1424
cell_03564,NK_cell,batch_0,healthy,donor_5,1337
cell_03565,NK_cell,batch_1,healthy,donor_1,1260
cell_03566,NK_cell,batch_2,healthy,donor_3,1373
cell_03567,NK_cell,batch_2,disease,donor_3,1184
cell_03568,NK_cell,batch_1,healthy,donor_5,1544
cell_03569,NK_cell,batch_1,healthy,donor_1,1555
cell_03570,NK_cell,batch_2,healthy,donor_3,1244
cell_03571,NK_cell,batch_0,healthy,donor_3,1297
cell_03572,NK_cell,batch_1,healthy,donor_5,1373
cell_03573,NK_cell,batch_2,healthy,donor_2,1272
cell_03574,NK_cell,batch_1,healthy,donor_2,1386
cell_03575,NK_cell,batch_2,disease,donor_0,1336
cell_03576,NK_cell,batch_0,healthy,donor_5,1280
cell_03577,NK_cell,batch_2,healthy,donor_3,1275
cell_03578,NK_cell,batch_1,disease,donor_2,1259
cell_03579,NK_cell,batch_0,disease,donor_0,1267
cell_03580,NK_cell,batch_2,disease,donor_3,1271
cell_03581,NK_cell,batch_2,healthy,donor_3,1187
cell_03582,NK_cell,batch_2,healthy,donor_5,1239
cell_03583,NK_cell,batch_0,healthy,donor_0,1497
cell_03584,NK_cell,batch_1,disease,donor_5,1263
cell_03585,NK_cell,batch_0,healthy,donor_0,1135
cell_03586,NK_cell,batch_2,healthy,donor_5,1288
cell_03587,NK_cell,batch_0,healthy,donor_2,1417
cell_03588,NK_cell,batch_2,healthy,donor_1,1430
cell_03589,NK_cell,batch_0,disease,donor_1,1397
cell_03590,NK_cell,batch_1,healthy,donor_1,1378
cell_03591,NK_cell,batch_0,disease,donor_0,1174
cell_03592,NK_cell,batch_2,disease,donor_4,1402
cell_03593,NK_cell,batch_0,healthy,donor_2,1489
cell_03594,NK_cell,batch_2,healthy,donor_0,1294
cell_03595,NK_cell,batch_0,healthy,donor_2,1481
cell_03596,NK_cell,batch_2,healthy,donor_2,1274
cell_03597,NK_cell,batch_2,healthy,donor_5,1257
cell_03598,NK_cell,batch_0,disease,donor_1,1355
cell_03599,NK_cell,batch_1,healthy,donor_3,1233
cell_03600,NK_cell,batch_2,disease,donor_2,1367
cell_03601,NK_cell,batch_2,disease,donor_1,1398
cell_03602,NK_cell,batch_2,healthy,donor_2,1619
cell_03603,NK_cell,batch_2,healthy,donor_1,1419
cell_03604,NK_cell,batch_2,healthy,donor_0,1404
cell_03605,NK_cell,batch_0,disease,donor_0,1250
cell_03606,NK_cell,batch_1,healthy,donor_2,1123
cell_03607,NK_cell,batch_1,healthy,donor_0,1266
cell_03608,NK_cell,batch_2,disease,donor_5,1246
cell_03609,NK_cell,batch_0,disease,donor_5,1340
cell_03610,NK_cell,batch_2,disease,donor_3,1461
cell_03611,NK_cell,batch_2,healthy,donor_0,1248
cell_03612,NK_cell,batch_2,healthy,donor_3,1197
cell_03613,NK_cell,batch_2,disease,donor_4,1388
cell_03614,NK_cell,batch_0,disease,donor_2,1221
cell_03615,NK_cell,batch_2,healthy,donor_4,1358
cell_03616,NK_cell,batch_0,healthy,donor_3,1201
cell_03617,NK_cell,batch_2,healthy,donor_5,1483
cell_03618,NK_cell,batch_1,healthy,donor_3,1339
cell_03619,NK_cell,batch_0,disease,donor_1,1417
cell_03620,NK_cell,batch_0,healthy,donor_1,1319
cell_03621,NK_cell,batch_0,healthy,donor_1,1201
cell_03622,NK_cell,batch_2,healthy,donor_5,1387
cell_03623,NK_cell,batch_2,healthy,donor_2,1392
cell_03624,NK_cell,batch_0,healthy,donor_2,1353
cell_03625,NK_cell,batch_0,disease,donor_3,1180
cell_03626,NK_cell,batch_2,healthy,donor_1,1382
cell_03627,NK_cell,batch_2,healthy,donor_5,1465
cell_03628,NK_cell,batch_2,healthy,donor_4,1279
cell_03629,NK_cell,batch_0,disease,donor_5,1381
cell_03630,NK_cell,batch_2,disease,donor_0,1343
cell_03631,NK_cell,batch_2,disease,donor_1,1509
cell_03632,NK_cell,batch_1,disease,donor_2,1407
cell_03633,NK_cell,batch_1,healthy,donor_0,1338
cell_03634,NK_cell,batch_1,healthy,donor_2,1394
cell_03635,NK_cell,batch_0,disease,donor_4,1212
cell_03636,NK_cell,batch_0,healthy,donor_2,1312
cell_03637,NK_cell,batch_0,healthy,donor_1,1496
cell_03638,NK_cell,batch_2,disease,donor_5,1301
cell_03639,NK_cell,batch_2,healthy,donor_1,1448
cell_03640,NK_cell,batch_2,healthy,donor_0,1242
cell_03641,NK_cell,batch_1,healthy,donor_5,1195
cell_03642,NK_cell,batch_0,healthy,donor_1,1368
cell_03643,NK_cell,batch_2,healthy,donor_1,1493
cell_03644,NK_cell,batch_2,healthy,donor_0,1326
cell_03645,NK_cell,batch_1,disease,donor_5,1220
cell_03646,NK_cell,batch_1,healthy,donor_2,1240
cell_03647,NK_cell,batch_1,healthy,donor_3,1314
cell_03648,NK_cell,batch_2,healthy,donor_1,1332
cell_03649,NK_cell,batch_2,disease,donor_5,1350
cell_03650,NK_cell,batch_1,disease,donor_4,1292
cell_03651,NK_cell,batch_2,disease,donor_2,1225
cell_03652,NK_cell,batch_1,healthy,donor_0,1406
cell_03653,NK_cell,batch_1,healthy,donor_3,1447
cell_03654,NK_cell,batch_1,healthy,donor_2,1323
cell_03655,NK_cell,batch_0,healthy,donor_5,1260
cell_03656,NK_cell,batch_2,disease,donor_0,1296
cell_03657,NK_cell,batch_0,healthy,donor_4,1335
cell_03658,NK_cell,batch_1,healthy,donor_1,1267
cell_03659,NK_cell,batch_2,disease,donor_3,1405
cell_03660,NK_cell,batch_0,healthy,donor_5,1242
cell_03661,NK_cell,batch_2,healthy,donor_2,1379
cell_03662,NK_cell,batch_2,disease,donor_4,1415
cell_03663,NK_cell,batch_0,disease,donor_2,1272
cell_03664,NK_cell,batch_0,healthy,donor_1,1265
cell_03665,NK_cell,batch_2,healthy,donor_5,1484
cell_03666,NK_cell,batch_1,healthy,donor_0,1272
cell_03667,NK_cell,batch_2,healthy,donor_1,1158
cell_03668,NK_cell,batch_0,disease,donor_0,1512
cell_03669,NK_cell,batch_1,healthy,donor_0,1272
cell_03670,NK_cell,batch_0,disease,donor_3,1415
cell_03671,NK_cell,batch_2,healthy,donor_2,1244
cell_03672,NK_cell,batch_0,healthy,donor_5,1328
cell_03673,NK_cell,batch_1,disease,donor_5,1239
cell_03674,NK_cell,batch_1,healthy,donor_2,1144
cell_03675,NK_cell,batch_0,disease,donor_2,1208
cell_03676,NK_cell,batch_2,healthy,donor_0,1419
cell_03677,NK_cell,batch_0,healthy,donor_5,1360
cell_03678,NK_cell,batch_0,healthy,donor_0,1279
cell_03679,NK_cell,batch_0,disease,donor_4,1392
cell_03680,NK_cell,batch_1,healthy,donor_4,1239
cell_03681,NK_cell,batch_2,healthy,donor_3,1249
cell_03682,NK_cell,batch_0,healthy,donor_4,1381
cell_03683,NK_cell,batch_0,healthy,donor_1,1258
cell_03684,NK_cell,batch_2,disease,donor_1,1183
cell_03685,NK_cell,batch_0,disease,donor_0,1319
cell_03686,NK_cell,batch_1,disease,donor_4,1247
cell_03687,NK_cell,batch_1,healthy,donor_0,1130
cell_03688,NK_cell,batch_2,healthy,donor_0,1353
cell_03689,NK_cell,batch_0,healthy,donor_3,1183
cell_03690,NK_cell,batch_0,healthy,donor_0,1409
cell_03691,NK_cell,batch_0,disease,donor_3,1426
cell_03692,NK_cell,batch_0,healthy,donor_2,1053
cell_03693,NK_cell,batch_0,healthy,donor_4,1257
cell_03694,NK_cell,batch_0,healthy,donor_4,1205
cell_03695,NK_cell,batch_0,disease,donor_4,1232
cell_03696,NK_cell,batch_0,healthy,donor_4,1239
cell_03697,NK_cell,batch_0,healthy,donor_0,1254
cell_03698,NK_cell,batch_0,healthy,donor_0,1317
cell_03699,NK_cell,batch_2,healthy,donor_1,1221
cell_03700,NK_cell,batch_2,disease,donor_3,1321
cell_03701,NK_cell,batch_0,healthy,donor_2,1371
cell_03702,NK_cell,batch_2,disease,donor_4,1354
cell_03703,NK_cell,batch_0,disease,donor_4,1229
cell_03704,NK_cell,batch_2,healthy,donor_1,1373
cell_03705,NK_cell,batch_2,disease,donor_5,1410
cell_03706,NK_cell,batch_2,healthy,donor_1,1229
cell_03707,NK_cell,batch_1,healthy,donor_1,1208
cell_03708,NK_cell,batch_1,healthy,donor_2,1235
cell_03709,NK_cell,batch_2,disease,donor_0,1247
cell_03710,NK_cell,batch_1,disease,donor_1,1349
cell_03711,NK_cell,batch_2,healthy,donor_4,1393
cell_03712,NK_cell,batch_2,healthy,donor_5,1113
cell_03713,NK_cell,batch_1,healthy,donor_4,1400
cell_03714,NK_cell,batch_0,disease,donor_4,1259
cell_03715,NK_cell,batch_0,healthy,donor_3,1389
cell_03716,NK_cell,batch_0,healthy,donor_3,1324
cell_03717,NK_cell,batch_2,disease,donor_3,1320
cell_03718,NK_cell,batch_1,healthy,donor_3,1369
cell_03719,NK_cell,batch_0,disease,donor_2,1306
cell_03720,NK_cell,batch_0,disease,donor_0,1289
cell_03721,NK_cell,batch_1,healthy,donor_0,1333
cell_03722,NK_cell,batch_1,disease,donor_3,1328
cell_03723,NK_cell,batch_1,disease,donor_0,1399
cell_03724,NK_cell,batch_1,healthy,donor_0,1203
cell_03725,NK_cell,batch_2,healthy,donor_0,1243
cell_03726,NK_cell,batch_0,healthy,donor_5,1454
cell_03727,NK_cell,batch_1,healthy,donor_5,1237
cell_03728,NK_cell,batch_0,disease,donor_3,1338
cell_03729,NK_cell,batch_2,healthy,donor_5,1409
cell_03730,NK_cell,batch_0,healthy,donor_2,1367
cell_03731,NK_cell,batch_0,disease,donor_3,1283
cell_03732,NK_cell,batch_0,healthy,donor_4,1347
cell_03733,NK_cell,batch_2,disease,donor_4,1292
cell_03734,NK_cell,batch_2,disease,donor_0,1216
cell_03735,NK_cell,batch_2,disease,donor_3,1343
cell_03736,NK_cell,batch_2,disease,donor_3,1226
cell_03737,NK_cell,batch_2,disease,donor_5,1350
cell_03738,NK_cell,batch_1,healthy,donor_2,1363
cell_03739,NK_cell,batch_2,disease,donor_1,1374
cell_03740,NK_cell,batch_1,healthy,donor_1,1397
cell_03741,NK_cell,batch_0,healthy,donor_4,1325
cell_03742,NK_cell,batch_0,healthy,donor_4,1394
cell_03743,NK_cell,batch_2,disease,donor_2,1370
cell_03744,NK_cell,batch_0,healthy,donor_5,1237
cell_03745,NK_cell,batch_2,healthy,donor_2,1306
cell_03746,NK_cell,batch_2,disease,donor_3,1260
cell_03747,NK_cell,batch_0,healthy,donor_3,1249
cell_03748,NK_cell,batch_0,disease,donor_5,1409
cell_03749,NK_cell,batch_2,healthy,donor_0,1480
cell_03750,NK_cell,batch_2,disease,donor_3,1218
cell_03751,NK_cell,batch_1,healthy,donor_0,1252
cell_03752,NK_cell,batch_1,healthy,donor_4,1136
cell_03753,NK_cell,batch_0,disease,donor_0,1323
cell_03754,NK_cell,batch_1,healthy,donor_4,1209
cell_03755,NK_cell,batch_0,disease,donor_1,1445
cell_03756,NK_cell,batch_2,healthy,donor_3,1302
cell_03757,NK_cell,batch_2,disease,donor_3,1394
cell_03758,NK_cell,batch_2,healthy,donor_2,1282
cell_03759,NK_cell,batch_0,disease,donor_2,1170
cell_03760,NK_cell,batch_2,disease,donor_2,1333
cell_03761,NK_cell,batch_2,healthy,donor_0,1479
cell_03762,NK_cell,batch_2,healthy,donor_3,1376
cell_03763,NK_cell,batch_0,healthy,donor_3,1418
cell_03764,NK_cell,batch_2,healthy,donor_4,1274
cell_03765,NK_cell,batch_0,disease,donor_0,1323
cell_03766,NK_cell,batch_0,healthy,donor_0,1260
cell_03767,NK_cell,batch_2,healthy,donor_3,1365
cell_03768,NK_cell,batch_2,healthy,donor_1,1284
cell_03769,NK_cell,batch_0,healthy,donor_4,1349
cell_03770,NK_cell,batch_2,healthy,donor_1,1225
cell_03771,NK_cell,batch_0,disease,donor_0,1201
cell_03772,NK_cell,batch_1,disease,donor_3,1474
cell_03773,NK_cell,batch_0,healthy,donor_0,1378
cell_03774,NK_cell,batch_0,healthy,donor_1,1280
cell_03775,NK_cell,batch_2,healthy,donor_3,1213
cell_03776,NK_cell,batch_2,healthy,donor_5,1332
cell_03777,NK_cell,batch_0,healthy,donor_1,1220
cell_03778,NK_cell,batch_0,disease,donor_2,1289
cell_03779,NK_cell,batch_2,healthy,donor_5,1545
cell_03780,NK_cell,batch_2,healthy,donor_5,1339
cell_03781,NK_cell,batch_1,disease,donor_3,1270
cell_03782,NK_cell,batch_1,disease,donor_5,1360
cell_03783,NK_cell,batch_0,healthy,donor_0,1346
cell_03784,NK_cell,batch_2,disease,donor_1,1227
cell_03785,NK_cell,batch_1,disease,donor_5,1330
cell_03786,NK_cell,batch_0,disease,donor_5,1441
cell_03787,NK_cell,batch_1,healthy,donor_0,1381
cell_03788,NK_cell,batch_2,healthy,donor_3,1340
cell_03789,NK_cell,batch_2,healthy,donor_5,1209
cell_03790,NK_cell,batch_2,healthy,donor_3,1428
cell_03791,NK_cell,batch_1,healthy,donor_1,1402
cell_03792,NK_cell,batch_1,disease,donor_4,1389
cell_03793,NK_cell,batch_2,disease,donor_4,1291
cell_03794,NK_cell,batch_1,healthy,donor_0,1219
cell_03795,NK_cell,batch_1,healthy,donor_4,1380
cell_03796,NK_cell,batch_0,disease,donor_5,1369
cell_03797,NK_cell,batch_1,healthy,donor_1,1285
cell_03798,NK_cell,batch_1,disease,donor_5,1400
cell_03799,NK_cell,batch_2,healthy,donor_4,1248
cell_03800,NK_cell,batch_2,healthy,donor_3,1377
cell_03801,NK_cell,batch_0,healthy,donor_0,1343
cell_03802,NK_cell,batch_2,healthy,donor_2,1232
cell_03803,NK_cell,batch_2,healthy,donor_5,1409
cell_03804,NK_cell,batch_1,healthy,donor_3,1367
cell_03805,NK_cell,batch_0,healthy,donor_3,1396
cell_03806,NK_cell,batch_2,healthy,donor_2,1524
cell_03807,NK_cell,batch_1,healthy,donor_3,1332
cell_03808,NK_cell,batch_2,disease,donor_5,1207
cell_03809,NK_cell,batch_0,disease,donor_3,1558
cell_03810,NK_cell,batch_2,disease,donor_5,1328
cell_03811,NK_cell,batch_2,disease,donor_4,1294
cell_03812,NK_cell,batch_0,healthy,donor_2,1475
cell_03813,NK_cell,batch_1,disease,donor_1,1257
cell_03814,NK_cell,batch_1,disease,donor_4,1392
cell_03815,NK_cell,batch_2,disease,donor_5,1256
cell_03816,NK_cell,batch_1,healthy,donor_5,1435
cell_03817,NK_cell,batch_2,healthy,donor_1,1308
cell_03818,NK_cell,batch_0,disease,donor_3,1444
cell_03819,NK_cell,batch_0,disease,donor_4,1280
cell_03820,NK_cell,batch_1,healthy,donor_0,1423
cell_03821,NK_cell,batch_2,healthy,donor_3,1331
cell_03822,NK_cell,batch_0,healthy,donor_0,1330
cell_03823,NK_cell,batch_2,healthy,donor_4,1364
cell_03824,NK_cell,batch_2,healthy,donor_0,1250
cell_03825,NK_cell,batch_0,disease,donor_0,1380
cell_03826,NK_cell,batch_1,disease,donor_5,1397
cell_03827,NK_cell,batch_1,healthy,donor_1,1524
cell_03828,NK_cell,batch_1,disease,donor_0,1225
cell_03829,NK_cell,batch_0,healthy,donor_5,1400
cell_03830,NK_cell,batch_1,disease,donor_3,1338
cell_03831,NK_cell,batch_1,disease,donor_3,1288
cell_03832,NK_cell,batch_0,disease,donor_5,1454
cell_03833,NK_cell,batch_2,healthy,donor_2,1167
cell_03834,NK_cell,batch_2,healthy,donor_1,1492
cell_03835,NK_cell,batch_2,healthy,donor_0,1410
cell_03836,NK_cell,batch_1,healthy,donor_5,1333
cell_03837,NK_cell,batch_0,healthy,donor_4,1413
cell_03838,NK_cell,batch_0,disease,donor_2,1315
cell_03839,NK_cell,batch_1,healthy,donor_0,1225
cell_03840,NK_cell,batch_2,disease,donor_0,1265
cell_03841,NK_cell,batch_2,disease,donor_3,1138
cell_03842,NK_cell,batch_1,healthy,donor_1,1420
cell_03843,NK_cell,batch_2,healthy,donor_4,1252
cell_03844,NK_cell,batch_2,healthy,donor_2,1240
cell_03845,NK_cell,batch_2,disease,donor_2,1241
cell_03846,NK_cell,batch_0,healthy,donor_5,1299
cell_03847,NK_cell,batch_2,healthy,donor_3,1313
cell_03848,NK_cell,batch_0,healthy,donor_3,1303
cell_03849,NK_cell,batch_2,healthy,donor_5,1449
cell_03850,NK_cell,batch_2,healthy,donor_4,1413
cell_03851,NK_cell,batch_0,disease,donor_0,1206
cell_03852,NK_cell,batch_2,healthy,donor_1,1332
cell_03853,NK_cell,batch_2,healthy,donor_4,1461
cell_03854,NK_cell,batch_2,disease,donor_0,1372
cell_03855,NK_cell,batch_2,disease,donor_5,1293
cell_03856,NK_cell,batch_0,healthy,donor_4,1242
cell_03857,NK_cell,batch_0,disease,donor_3,1387
cell_03858,NK_cell,batch_0,disease,donor_0,1398
cell_03859,NK_cell,batch_1,disease,donor_0,1238
cell_03860,NK_cell,batch_0,disease,donor_5,1237
cell_03861,NK_cell,batch_2,healthy,donor_4,1369
cell_03862,NK_cell,batch_1,healthy,donor_3,1453
cell_03863,NK_cell,batch_1,healthy,donor_3,1316
cell_03864,NK_cell,batch_1,healthy,donor_5,1371
cell_03865,NK_cell,batch_1,disease,donor_5,1308
cell_03866,NK_cell,batch_0,healthy,donor_4,1325
cell_03867,NK_cell,batch_1,disease,donor_5,1228
cell_03868,NK_cell,batch_0,healthy,donor_2,1286
cell_03869,NK_cell,batch_1,disease,donor_0,1345
cell_03870,NK_cell,batch_1,healthy,donor_2,1258
cell_03871,NK_cell,batch_0,healthy,donor_2,1364
cell_03872,NK_cell,batch_0,healthy,donor_2,1335
cell_03873,NK_cell,batch_2,healthy,donor_5,1205
cell_03874,NK_cell,batch_0,healthy,donor_4,1219
cell_03875,NK_cell,batch_2,disease,donor_1,1273
cell_03876,NK_cell,batch_0,disease,donor_5,1120
cell_03877,NK_cell,batch_0,healthy,donor_1,1149
cell_03878,NK_cell,batch_0,healthy,donor_1,1174
cell_03879,NK_cell,batch_2,healthy,donor_0,1343
cell_03880,NK_cell,batch_2,disease,donor_5,1465
cell_03881,NK_cell,batch_2,healthy,donor_2,1330
cell_03882,NK_cell,batch_1,healthy,donor_5,1077
cell_03883,NK_cell,batch_1,healthy,donor_3,1369
cell_03884,NK_cell,batch_0,disease,donor_3,1420
cell_03885,NK_cell,batch_0,disease,donor_3,1307
cell_03886,NK_cell,batch_2,disease,donor_5,1207
cell_03887,NK_cell,batch_2,disease,donor_3,1152
cell_03888,NK_cell,batch_1,healthy,donor_1,1330
cell_03889,NK_cell,batch_0,disease,donor_3,1491
cell_03890,NK_cell,batch_0,healthy,donor_5,1359
cell_03891,NK_cell,batch_1,disease,donor_5,1297
cell_03892,NK_cell,batch_1,healthy,donor_1,1325
cell_03893,NK_cell,batch_0,disease,donor_1,1391
cell_03894,NK_cell,batch_0,healthy,donor_5,1167
cell_03895,NK_cell,batch_0,healthy,donor_4,1397
cell_03896,NK_cell,batch_2,disease,donor_3,1155
cell_03897,NK_cell,batch_1,healthy,donor_1,1491
cell_03898,NK_cell,batch_2,disease,donor_3,1333
cell_03899,NK_cell,batch_0,healthy,donor_0,1520
cell_03900,Dendritic_cell,batch_2,healthy,donor_1,1326
cell_03901,Dendritic_cell,batch_1,disease,donor_0,1283
cell_03902,Dendritic_cell,batch_0,disease,donor_3,1225
cell_03903,Dendritic_cell,batch_1,disease,donor_0,1419
cell_03904,Dendritic_cell,batch_0,healthy,donor_3,1162
cell_03905,Dendritic_cell,batch_1,healthy,donor_4,1227
cell_03906,Dendritic_cell,batch_1,healthy,donor_3,1366
cell_03907,Dendritic_cell,batch_1,disease,donor_1,1377
cell_03908,Dendritic_cell,batch_2,disease,donor_5,1119
cell_03909,Dendritic_cell,batch_0,healthy,donor_5,1256
cell_03910,Dendritic_cell,batch_1,disease,donor_4,1274
cell_03911,Dendritic_cell,batch_1,healthy,donor_3,1326
cell_03912,Dendritic_cell,batch_0,healthy,donor_4,1158
cell_03913,Dendritic_cell,batch_1,disease,donor_3,1395
cell_03914,Dendritic_cell,batch_1,healthy,donor_3,1199
cell_03915,Dendritic_cell,batch_1,healthy,donor_4,1454
cell_03916,Dendritic_cell,batch_1,healthy,donor_0,1316
cell_03917,Dendritic_cell,batch_2,disease,donor_1,1300
cell_03918,Dendritic_cell,batch_0,healthy,donor_5,1495
cell_03919,Dendritic_cell,batch_0,disease,donor_1,1440
cell_03920,Dendritic_cell,batch_2,healthy,donor_0,1371
cell_03921,Dendritic_cell,batch_1,disease,donor_3,1309
cell_03922,Dendritic_cell,batch_0,disease,donor_4,1231
cell_03923,Dendritic_cell,batch_2,healthy,donor_4,1352
cell_03924,Dendritic_cell,batch_2,healthy,donor_1,1340
cell_03925,Dendritic_cell,batch_2,disease,donor_2,1314
cell_03926,Dendritic_cell,batch_1,healthy,donor_3,1192
cell_03927,Dendritic_cell,batch_2,disease,donor_2,1385
cell_03928,Dendritic_cell,batch_1,healthy,donor_0,1254
cell_03929,Dendritic_cell,batch_2,healthy,donor_5,1246
cell_03930,Dendritic_cell,batch_1,disease,donor_2,1407
cell_03931,Dendritic_cell,batch_2,healthy,donor_2,1333
cell_03932,Dendritic_cell,batch_1,disease,donor_5,1118
cell_03933,Dendritic_cell,batch_1,healthy,donor_5,1197
cell_03934,Dendritic_cell,batch_2,healthy,donor_5,1286
cell_03935,Dendritic_cell,batch_1,healthy,donor_1,1436
cell_03936,Dendritic_cell,batch_0,healthy,donor_4,1185
cell_03937,Dendritic_cell,batch_2,healthy,donor_4,1236
cell_03938,Dendritic_cell,batch_0,healthy,donor_2,1395
cell_03939,Dendritic_cell,batch_1,healthy,donor_3,1403
cell_03940,Dendritic_cell,batch_2,healthy,donor_0,1348
cell_03941,Dendritic_cell,batch_1,healthy,donor_3,1283
cell_03942,Dendritic_cell,batch_2,disease,donor_0,1423
cell_03943,Dendritic_cell,batch_1,disease,donor_0,1404
cell_03944,Dendritic_cell,batch_1,healthy,donor_2,1287
cell_03945,Dendritic_cell,batch_1,disease,donor_1,1249
cell_03946,Dendritic_cell,batch_0,healthy,donor_3,1187
cell_03947,Dendritic_cell,batch_0,disease,donor_1,1412
cell_03948,Dendritic_cell,batch_0,healthy,donor_2,1221
cell_03949,Dendritic_cell,batch_1,healthy,donor_0,1258
cell_03950,Dendritic_cell,batch_1,disease,donor_1,1399
cell_03951,Dendritic_cell,batch_0,disease,donor_4,1381
cell_03952,Dendritic_cell,batch_0,healthy,donor_5,1277
cell_03953,Dendritic_cell,batch_0,healthy,donor_3,1299
cell_03954,Dendritic_cell,batch_2,healthy,donor_1,1155
cell_03955,Dendritic_cell,batch_0,healthy,donor_2,1362
cell_03956,Dendritic_cell,batch_0,disease,donor_0,1275
cell_03957,Dendritic_cell,batch_0,healthy,donor_0,1235
cell_03958,Dendritic_cell,batch_1,disease,donor_3,1347
cell_03959,Dendritic_cell,batch_1,disease,donor_3,1455
cell_03960,Dendritic_cell,batch_0,healthy,donor_0,1436
cell_03961,Dendritic_cell,batch_2,disease,donor_2,1232
cell_03962,Dendritic_cell,batch_1,healthy,donor_0,1345
cell_03963,Dendritic_cell,batch_0,healthy,donor_3,1273
cell_03964,Dendritic_cell,batch_2,disease,donor_4,1167
cell_03965,Dendritic_cell,batch_0,disease,donor_5,1402
cell_03966,Dendritic_cell,batch_1,healthy,donor_1,1235
cell_03967,Dendritic_cell,batch_1,healthy,donor_5,1320
cell_03968,Dendritic_cell,batch_1,healthy,donor_0,1538
cell_03969,Dendritic_cell,batch_0,healthy,donor_1,1215
cell_03970,Dendritic_cell,batch_1,disease,donor_4,1382
cell_03971,Dendritic_cell,batch_2,healthy,donor_0,1262
cell_03972,Dendritic_cell,batch_1,healthy,donor_1,1171
cell_03973,Dendritic_cell,batch_2,disease,donor_0,1219
cell_03974,Dendritic_cell,batch_2,healthy,donor_1,1412
cell_03975,Dendritic_cell,batch_0,disease,donor_4,1287
cell_03976,Dendritic_cell,batch_1,healthy,donor_2,1465
cell_03977,Dendritic_cell,batch_0,healthy,donor_1,1442
cell_03978,Dendritic_cell,batch_1,disease,donor_5,1198
cell_03979,Dendritic_cell,batch_0,healthy,donor_0,1214
cell_03980,Dendritic_cell,batch_0,healthy,donor_2,1336
cell_03981,Dendritic_cell,batch_0,healthy,donor_1,1227
cell_03982,Dendritic_cell,batch_2,healthy,donor_5,1393
cell_03983,Dendritic_cell,batch_0,healthy,donor_2,1360
cell_03984,Dendritic_cell,batch_2,disease,donor_0,1389
cell_03985,Dendritic_cell,batch_0,disease,donor_3,1255
cell_03986,Dendritic_cell,batch_2,disease,donor_2,1222
cell_03987,Dendritic_cell,batch_2,disease,donor_2,1380
cell_03988,Dendritic_cell,batch_2,healthy,donor_4,1315
cell_03989,Dendritic_cell,batch_2,healthy,donor_1,1425
cell_03990,Dendritic_cell,batch_2,disease,donor_2,1530
cell_03991,Dendritic_cell,batch_0,disease,donor_5,1193
cell_03992,Dendritic_cell,batch_0,healthy,donor_4,1310
cell_03993,Dendritic_cell,batch_2,disease,donor_0,1168
cell_03994,Dendritic_cell,batch_1,disease,donor_2,1283
cell_03995,Dendritic_cell,batch_2,healthy,donor_0,1565
cell_03996,Dendritic_cell,batch_2,healthy,donor_5,1098
cell_03997,Dendritic_cell,batch_0,disease,donor_4,1231
cell_03998,Dendritic_cell,batch_1,disease,donor_0,1514
cell_03999,Dendritic_cell,batch_0,disease,donor_3,1327
cell_04000,Dendritic_cell,batch_2,disease,donor_4,1322
cell_04001,Dendritic_cell,batch_2,healthy,donor_3,1427
cell_04002,Dendritic_cell,batch_0,healthy,donor_4,1234
cell_04003,Dendritic_cell,batch_0,disease,donor_4,1243
cell_04004,Dendritic_cell,batch_0,healthy,donor_1,1465
cell_04005,Dendritic_cell,batch_2,healthy,donor_1,1280
cell_04006,Dendritic_cell,batch_2,healthy,donor_2,1450
cell_04007,Dendritic_cell,batch_2,disease,donor_3,1410
cell_04008,Dendritic_cell,batch_2,healthy,donor_5,1356
cell_04009,Dendritic_cell,batch_0,disease,donor_1,1345
cell_04010,Dendritic_cell,batch_2,disease,donor_2,1248
cell_04011,Dendritic_cell,batch_2,disease,donor_3,1258
cell_04012,Dendritic_cell,batch_2,healthy,donor_3,1466
cell_04013,Dendritic_cell,batch_0,healthy,donor_3,1274
cell_04014,Dendritic_cell,batch_2,disease,donor_4,1145
cell_04015,Dendritic_cell,batch_0,healthy,donor_5,1351
cell_04016,Dendritic_cell,batch_0,healthy,donor_2,1144
cell_04017,Dendritic_cell,batch_1,healthy,donor_4,1385
cell_04018,Dendritic_cell,batch_2,healthy,donor_4,1151
cell_04019,Dendritic_cell,batch_0,disease,donor_5,1411
cell_04020,Dendritic_cell,batch_1,disease,donor_5,1323
cell_04021,Dendritic_cell,batch_0,healthy,donor_4,1131
cell_04022,Dendritic_cell,batch_2,healthy,donor_4,1226
cell_04023,Dendritic_cell,batch_0,healthy,donor_2,1331
cell_04024,Dendritic_cell,batch_1,disease,donor_1,1346
cell_04025,Dendritic_cell,batch_2,healthy,donor_3,1201
cell_04026,Dendritic_cell,batch_0,healthy,donor_2,1391
cell_04027,Dendritic_cell,batch_0,healthy,donor_0,1286
cell_04028,Dendritic_cell,batch_0,disease,donor_4,1443
cell_04029,Dendritic_cell,batch_1,disease,donor_2,1420
cell_04030,Dendritic_cell,batch_2,healthy,donor_5,1117
cell_04031,Dendritic_cell,batch_1,healthy,donor_1,1284
cell_04032,Dendritic_cell,batch_1,disease,donor_2,1397
cell_04033,Dendritic_cell,batch_2,healthy,donor_4,1268
cell_04034,Dendritic_cell,batch_2,healthy,donor_0,1232
cell_04035,Dendritic_cell,batch_0,healthy,donor_0,1388
cell_04036,Dendritic_cell,batch_2,healthy,donor_5,1153
cell_04037,Dendritic_cell,batch_0,healthy,donor_5,1361
cell_04038,Dendritic_cell,batch_0,disease,donor_3,1384
cell_04039,Dendritic_cell,batch_1,healthy,donor_0,1538
cell_04040,Dendritic_cell,batch_1,disease,donor_1,1342
cell_04041,Dendritic_cell,batch_1,disease,donor_2,1237
cell_04042,Dendritic_cell,batch_1,healthy,donor_4,1338
cell_04043,Dendritic_cell,batch_0,healthy,donor_2,1367
cell_04044,Dendritic_cell,batch_2,healthy,donor_4,1371
cell_04045,Dendritic_cell,batch_2,disease,donor_5,1293
cell_04046,Dendritic_cell,batch_1,healthy,donor_4,1300
cell_04047,Dendritic_cell,batch_1,disease,donor_1,1221
cell_04048,Dendritic_cell,batch_0,healthy,donor_2,1351
cell_04049,Dendritic_cell,batch_1,disease,donor_1,1172
cell_04050,Dendritic_cell,batch_2,healthy,donor_2,1275
cell_04051,Dendritic_cell,batch_2,healthy,donor_5,1197
cell_04052,Dendritic_cell,batch_1,disease,donor_2,1322
cell_04053,Dendritic_cell,batch_0,healthy,donor_2,1241
cell_04054,Dendritic_cell,batch_0,disease,donor_4,1416
cell_04055,Dendritic_cell,batch_2,disease,donor_2,1322
cell_04056,Dendritic_cell,batch_2,healthy,donor_3,1411
cell_04057,Dendritic_cell,batch_0,disease,donor_1,1416
cell_04058,Dendritic_cell,batch_0,healthy,donor_5,1103
cell_04059,Dendritic_cell,batch_1,healthy,donor_1,1421
cell_04060,Dendritic_cell,batch_0,healthy,donor_5,1367
cell_04061,Dendritic_cell,batch_2,disease,donor_5,1210
cell_04062,Dendritic_cell,batch_2,disease,donor_4,1323
cell_04063,Dendritic_cell,batch_0,healthy,donor_4,1345
cell_04064,Dendritic_cell,batch_1,healthy,donor_5,1288
cell_04065,Dendritic_cell,batch_1,disease,donor_3,1376
cell_04066,Dendritic_cell,batch_2,healthy,donor_3,1324
cell_04067,Dendritic_cell,batch_1,healthy,donor_3,1276
cell_04068,Dendritic_cell,batch_2,healthy,donor_0,1469
cell_04069,Dendritic_cell,batch_1,healthy,donor_0,1372
cell_04070,Dendritic_cell,batch_2,healthy,donor_2,1339
cell_04071,Dendritic_cell,batch_2,healthy,donor_3,1279
cell_04072,Dendritic_cell,batch_0,disease,donor_0,1238
cell_04073,Dendritic_cell,batch_1,disease,donor_3,1266
cell_04074,Dendritic_cell,batch_2,healthy,donor_1,1254
cell_04075,Dendritic_cell,batch_2,disease,donor_4,1470
cell_04076,Dendritic_cell,batch_2,disease,donor_2,1194
cell_04077,Dendritic_cell,batch_2,healthy,donor_1,1217
cell_04078,Dendritic_cell,batch_1,healthy,donor_5,1239
cell_04079,Dendritic_cell,batch_0,disease,donor_4,1263
cell_04080,Dendritic_cell,batch_1,healthy,donor_1,1416
cell_04081,Dendritic_cell,batch_2,disease,donor_4,1327
cell_04082,Dendritic_cell,batch_2,healthy,donor_0,1182
cell_04083,Dendritic_cell,batch_1,healthy,donor_4,1266
cell_04084,Dendritic_cell,batch_2,healthy,donor_0,1221
cell_04085,Dendritic_cell,batch_0,disease,donor_0,1239
cell_04086,Dendritic_cell,batch_1,disease,donor_5,1395
cell_04087,Dendritic_cell,batch_0,healthy,donor_2,1423
cell_04088,Dendritic_cell,batch_1,healthy,donor_4,1376
cell_04089,Dendritic_cell,batch_2,disease,donor_1,1271
cell_04090,Dendritic_cell,batch_2,disease,donor_4,1385
cell_04091,Dendritic_cell,batch_0,disease,donor_5,1240
cell_04092,Dendritic_cell,batch_0,healthy,donor_2,1341
cell_04093,Dendritic_cell,batch_2,disease,donor_2,1515
cell_04094,Dendritic_cell,batch_2,disease,donor_0,1381
cell_04095,Dendritic_cell,batch_2,healthy,donor_2,1199
cell_04096,Dendritic_cell,batch_0,healthy,donor_5,1292
cell_04097,Dendritic_cell,batch_1,disease,donor_1,1367
cell_04098,Dendritic_cell,batch_2,healthy,donor_2,1312
cell_04099,Dendritic_cell,batch_2,disease,donor_2,1356
cell_04100,Dendritic_cell,batch_2,healthy,donor_2,1254
cell_04101,Dendritic_cell,batch_2,healthy,donor_4,1374
cell_04102,Dendritic_cell,batch_2,healthy,donor_5,1430
cell_04103,Dendritic_cell,batch_0,disease,donor_3,1433
cell_04104,Dendritic_cell,batch_2,disease,donor_1,1313
cell_04105,Dendritic_cell,batch_2,disease,donor_4,1322
cell_04106,Dendritic_cell,batch_1,disease,donor_4,1456
cell_04107,Dendritic_cell,batch_2,disease,donor_3,1254
cell_04108,Dendritic_cell,batch_2,healthy,donor_2,1504
cell_04109,Dendritic_cell,batch_1,healthy,donor_4,1355
cell_04110,Dendritic_cell,batch_1,healthy,donor_5,1305
cell_04111,Dendritic_cell,batch_0,healthy,donor_1,1277
cell_04112,Dendritic_cell,batch_2,healthy,donor_3,1386
cell_04113,Dendritic_cell,batch_2,healthy,donor_1,1167
cell_04114,Dendritic_cell,batch_2,healthy,donor_1,1296
cell_04115,Dendritic_cell,batch_0,healthy,donor_2,1279
cell_04116,Dendritic_cell,batch_2,healthy,donor_4,1376
cell_04117,Dendritic_cell,batch_1,healthy,donor_0,1400
cell_04118,Dendritic_cell,batch_2,healthy,donor_2,1151
cell_04119,Dendritic_cell,batch_2,healthy,donor_1,1465
cell_04120,Dendritic_cell,batch_2,disease,donor_1,1274
cell_04121,Dendritic_cell,batch_0,healthy,donor_5,1355
cell_04122,Dendritic_cell,batch_0,healthy,donor_5,1217
cell_04123,Dendritic_cell,batch_1,disease,donor_0,1215
cell_04124,Dendritic_cell,batch_1,healthy,donor_0,1322
cell_04125,Dendritic_cell,batch_2,healthy,donor_3,1215
cell_04126,Dendritic_cell,batch_2,disease,donor_0,1226
cell_04127,Dendritic_cell,batch_0,healthy,donor_3,1361
cell_04128,Dendritic_cell,batch_0,healthy,donor_0,1518
cell_04129,Dendritic_cell,batch_1,healthy,donor_5,1417
cell_04130,Dendritic_cell,batch_2,disease,donor_2,1343
cell_04131,Dendritic_cell,batch_0,healthy,donor_0,1341
cell_04132,Dendritic_cell,batch_1,disease,donor_1,1334
cell_04133,Dendritic_cell,batch_2,healthy,donor_1,1203
cell_04134,Dendritic_cell,batch_0,healthy,donor_3,1406
cell_04135,Dendritic_cell,batch_0,disease,donor_4,1233
cell_04136,Dendritic_cell,batch_1,healthy,donor_5,1232
cell_04137,Dendritic_cell,batch_0,healthy,donor_3,1381
cell_04138,Dendritic_cell,batch_1,healthy,donor_3,1234
cell_04139,Dendritic_cell,batch_1,healthy,donor_5,1458
cell_04140,Dendritic_cell,batch_1,healthy,donor_3,1286
cell_04141,Dendritic_cell,batch_1,healthy,donor_0,1267
cell_04142,Dendritic_cell,batch_2,disease,donor_4,1370
cell_04143,Dendritic_cell,batch_0,healthy,donor_1,1251
cell_04144,Dendritic_cell,batch_0,healthy,donor_0,1433
cell_04145,Dendritic_cell,batch_0,healthy,donor_0,1178
cell_04146,Dendritic_cell,batch_0,disease,donor_2,1328
cell_04147,Dendritic_cell,batch_1,healthy,donor_3,1340
cell_04148,Dendritic_cell,batch_0,healthy,donor_4,1253
cell_04149,Dendritic_cell,batch_0,healthy,donor_4,1323
cell_04150,Dendritic_cell,batch_1,disease,donor_5,1470
cell_04151,Dendritic_cell,batch_2,healthy,donor_3,1202
cell_04152,Dendritic_cell,batch_2,disease,donor_1,1354
cell_04153,Dendritic_cell,batch_2,healthy,donor_5,1234
cell_04154,Dendritic_cell,batch_0,healthy,donor_2,1392
cell_04155,Dendritic_cell,batch_2,healthy,donor_4,1336
cell_04156,Dendritic_cell,batch_0,healthy,donor_3,1412
cell_04157,Dendritic_cell,batch_2,disease,donor_1,1350
cell_04158,Dendritic_cell,batch_1,healthy,donor_1,1275
cell_04159,Dendritic_cell,batch_2,healthy,donor_2,1245
cell_04160,Dendritic_cell,batch_2,disease,donor_4,1194
cell_04161,Dendritic_cell,batch_2,healthy,donor_5,1358
cell_04162,Dendritic_cell,batch_2,healthy,donor_1,1297
cell_04163,Dendritic_cell,batch_1,disease,donor_2,1533
cell_04164,Dendritic_cell,batch_0,disease,donor_5,1198
cell_04165,Dendritic_cell,batch_0,disease,donor_0,1375
cell_04166,Dendritic_cell,batch_0,healthy,donor_1,1294
cell_04167,Dendritic_cell,batch_0,healthy,donor_3,1163
cell_04168,Dendritic_cell,batch_0,disease,donor_3,1435
cell_04169,Dendritic_cell,batch_1,disease,donor_5,1369
cell_04170,Dendritic_cell,batch_1,healthy,donor_3,1195
cell_04171,Dendritic_cell,batch_1,healthy,donor_5,1245
cell_04172,Dendritic_cell,batch_1,disease,donor_1,1341
cell_04173,Dendritic_cell,batch_0,healthy,donor_2,1310
cell_04174,Dendritic_cell,batch_0,healthy,donor_5,1370
cell_04175,Dendritic_cell,batch_1,disease,donor_3,1246
cell_04176,Dendritic_cell,batch_1,disease,donor_3,1271
cell_04177,Dendritic_cell,batch_2,disease,donor_5,1434
cell_04178,Dendritic_cell,batch_0,disease,donor_2,1281
cell_04179,Dendritic_cell,batch_1,healthy,donor_4,1292
cell_04180,Dendritic_cell,batch_0,healthy,donor_3,1576
cell_04181,Dendritic_cell,batch_2,healthy,donor_2,1298
cell_04182,Dendritic_cell,batch_0,healthy,donor_0,1342
cell_04183,Dendritic_cell,batch_2,healthy,donor_1,1574
cell_04184,Dendritic_cell,batch_0,disease,donor_4,1321
cell_04185,Dendritic_cell,batch_2,healthy,donor_1,1324
cell_04186,Dendritic_cell,batch_2,disease,donor_5,1392
cell_04187,Dendritic_cell,batch_1,healthy,donor_2,1159
cell_04188,Dendritic_cell,batch_0,healthy,donor_0,1291
cell_04189,Dendritic_cell,batch_0,healthy,donor_0,1339
cell_04190,Dendritic_cell,batch_2,healthy,donor_1,1128
cell_04191,Dendritic_cell,batch_0,healthy,donor_5,1361
cell_04192,Dendritic_cell,batch_0,disease,donor_3,1197
cell_04193,Dendritic_cell,batch_1,disease,donor_2,1247
cell_04194,Dendritic_cell,batch_2,healthy,donor_4,1366
cell_04195,Dendritic_cell,batch_1,disease,donor_1,1302
cell_04196,Dendritic_cell,batch_0,healthy,donor_1,1340
cell_04197,Dendritic_cell,batch_2,disease,donor_4,1283
cell_04198,Dendritic_cell,batch_2,healthy,donor_4,1307
cell_04199,Dendritic_cell,batch_2,healthy,donor_2,1245
cell_04200,Dendritic_cell,batch_0,healthy,donor_0,1253
cell_04201,Dendritic_cell,batch_1,healthy,donor_2,1376
cell_04202,Dendritic_cell,batch_0,healthy,donor_3,1419
cell_04203,Dendritic_cell,batch_2,healthy,donor_5,1121
cell_04204,Dendritic_cell,batch_1,disease,donor_3,1303
cell_04205,Dendritic_cell,batch_0,disease,donor_2,1437
cell_04206,Dendritic_cell,batch_0,healthy,donor_4,1190
cell_04207,Dendritic_cell,batch_1,healthy,donor_4,1239
cell_04208,Dendritic_cell,batch_1,healthy,donor_0,1406
cell_04209,Dendritic_cell,batch_2,healthy,donor_5,1229
cell_04210,Dendritic_cell,batch_1,healthy,donor_0,1219
cell_04211,Dendritic_cell,batch_1,disease,donor_0,1554
cell_04212,Dendritic_cell,batch_0,disease,donor_3,1316
cell_04213,Dendritic_cell,batch_0,healthy,donor_3,1246
cell_04214,Dendritic_cell,batch_1,disease,donor_1,1334
cell_04215,Dendritic_cell,batch_1,healthy,donor_4,1297
cell_04216,Dendritic_cell,batch_2,disease,donor_5,1253
cell_04217,Dendritic_cell,batch_1,healthy,donor_4,1253
cell_04218,Dendritic_cell,batch_0,healthy,donor_1,1498
cell_04219,Dendritic_cell,batch_0,disease,donor_5,1378
cell_04220,Dendritic_cell,batch_1,disease,donor_1,1389
cell_04221,Dendritic_cell,batch_1,healthy,donor_4,1256
cell_04222,Dendritic_cell,batch_0,disease,donor_5,1276
cell_04223,Dendritic_cell,batch_1,healthy,donor_1,1414
cell_04224,Dendritic_cell,batch_0,disease,donor_2,1493
cell_04225,Dendritic_cell,batch_2,disease,donor_5,1399
cell_04226,Dendritic_cell,batch_2,healthy,donor_5,1486
cell_04227,Dendritic_cell,batch_0,healthy,donor_4,1514
cell_04228,Dendritic_cell,batch_1,healthy,donor_1,1322
cell_04229,Dendritic_cell,batch_1,healthy,donor_0,1366
cell_04230,Dendritic_cell,batch_2,healthy,donor_0,1291
cell_04231,Dendritic_cell,batch_2,healthy,donor_3,1265
cell_04232,Dendritic_cell,batch_1,healthy,donor_3,1413
cell_04233,Dendritic_cell,batch_0,disease,donor_3,1410
cell_04234,Dendritic_cell,batch_2,healthy,donor_3,1242
cell_04235,Dendritic_cell,batch_1,healthy,donor_3,1323
cell_04236,Dendritic_cell,batch_1,healthy,donor_4,1377
cell_04237,Dendritic_cell,batch_1,healthy,donor_4,1216
cell_04238,Dendritic_cell,batch_2,disease,donor_1,1272
cell_04239,Dendritic_cell,batch_1,healthy,donor_2,1396
cell_04240,Dendritic_cell,batch_0,disease,donor_3,1255
cell_04241,Dendritic_cell,batch_2,disease,donor_3,1183
cell_04242,Dendritic_cell,batch_0,healthy,donor_2,1378
cell_04243,Dendritic_cell,batch_2,healthy,donor_1,1420
cell_04244,Dendritic_cell,batch_1,disease,donor_1,1241
cell_04245,Dendritic_cell,batch_1,healthy,donor_0,1240
cell_04246,Dendritic_cell,batch_0,healthy,donor_4,1243
cell_04247,Dendritic_cell,batch_0,disease,donor_5,1239
cell_04248,Dendritic_cell,batch_1,healthy,donor_1,1350
cell_04249,Dendritic_cell,batch_0,healthy,donor_1,1337
cell_04250,Dendritic_cell,batch_2,healthy,donor_3,1412
cell_04251,Dendritic_cell,batch_0,healthy,donor_4,1315
cell_04252,Dendritic_cell,batch_1,healthy,donor_2,1311
cell_04253,Dendritic_cell,batch_1,healthy,donor_0,1273
cell_04254,Dendritic_cell,batch_0,disease,donor_5,1368
cell_04255,Dendritic_cell,batch_0,disease,donor_0,1353
cell_04256,Dendritic_cell,batch_0,healthy,donor_4,1410
cell_04257,Dendritic_cell,batch_1,disease,donor_4,1333
cell_04258,Dendritic_cell,batch_0,healthy,donor_5,1158
cell_04259,Dendritic_cell,batch_1,healthy,donor_2,1536
cell_04260,Dendritic_cell,batch_1,disease,donor_2,1288
cell_04261,Dendritic_cell,batch_1,healthy,donor_3,1212
cell_04262,Dendritic_cell,batch_1,healthy,donor_2,1233
cell_04263,Dendritic_cell,batch_2,disease,donor_0,1272
cell_04264,Dendritic_cell,batch_0,healthy,donor_5,1416
cell_04265,Dendritic_cell,batch_0,healthy,donor_5,1346
cell_04266,Dendritic_cell,batch_2,healthy,donor_2,1371
cell_04267,Dendritic_cell,batch_2,disease,donor_4,1291
cell_04268,Dendritic_cell,batch_2,healthy,donor_2,1291
cell_04269,Dendritic_cell,batch_0,healthy,donor_2,1362
cell_04270,Dendritic_cell,batch_2,healthy,donor_3,1265
cell_04271,Dendritic_cell,batch_1,healthy,donor_5,1308
cell_04272,Dendritic_cell,batch_1,disease,donor_2,1161
cell_04273,Dendritic_cell,batch_0,disease,donor_0,1406
cell_04274,Dendritic_cell,batch_2,healthy,donor_0,1267
cell_04275,Dendritic_cell,batch_2,disease,donor_4,1102
cell_04276,Dendritic_cell,batch_1,disease,donor_2,1234
cell_04277,Dendritic_cell,batch_1,healthy,donor_0,1363
cell_04278,Dendritic_cell,batch_0,healthy,donor_5,1212
cell_04279,Dendritic_cell,batch_1,disease,donor_1,1333
cell_04280,Dendritic_cell,batch_2,disease,donor_1,1298
cell_04281,Dendritic_cell,batch_1,healthy,donor_1,1308
cell_04282,Dendritic_cell,batch_0,healthy,donor_2,1224
cell_04283,Dendritic_cell,batch_1,healthy,donor_0,1493
cell_04284,Dendritic_cell,batch_2,healthy,donor_2,1194
cell_04285,Dendritic_cell,batch_0,healthy,donor_2,1388
cell_04286,Dendritic_cell,batch_0,healthy,donor_3,1359
cell_04287,Dendritic_cell,batch_1,disease,donor_3,1244
cell_04288,Dendritic_cell,batch_2,healthy,donor_0,1259
cell_04289,Dendritic_cell,batch_0,healthy,donor_2,1351
cell_04290,Dendritic_cell,batch_2,healthy,donor_2,1215
cell_04291,Dendritic_cell,batch_0,disease,donor_5,1269
cell_04292,Dendritic_cell,batch_1,healthy,donor_1,1371
cell_04293,Dendritic_cell,batch_1,disease,donor_5,1346
cell_04294,Dendritic_cell,batch_2,disease,donor_4,1347
cell_04295,Dendritic_cell,batch_1,healthy,donor_5,1148
cell_04296,Dendritic_cell,batch_0,healthy,donor_3,1206
cell_04297,Dendritic_cell,batch_1,healthy,donor_2,1467
cell_04298,Dendritic_cell,batch_1,disease,donor_4,1289
cell_04299,Dendritic_cell,batch_0,disease,donor_3,1463
